"ecosystem","name","version","declared_license","scope","source","checksum"
"npm","@babel/code-frame","7.29.7","MIT","desarrollo","https://registry.npmjs.org/@babel/code-frame/-/code-frame-7.29.7.tgz","sha512-Aup7aUOfpbAUg2ROOJN6Iw5f9DMBlzu0mIkm/malLQFN/YQgO48wCj0Kxa3sEHJvPVFg7siR+qRInwXd2qhQKw=="
"npm","@babel/compat-data","7.29.7","MIT","desarrollo","https://registry.npmjs.org/@babel/compat-data/-/compat-data-7.29.7.tgz","sha512-locTkQyKvwIEgBzVrn8693ebc97F2U8ZHjbXwDXJ5Fn2TCpNwTlKcaKLkdHop5c/icOFE7qt7Q9JC5hnKNa6Gg=="
"npm","@babel/core","7.29.7","MIT","desarrollo","https://registry.npmjs.org/@babel/core/-/core-7.29.7.tgz","sha512-RgHBCvtjbOK2gXSNBNIkNoEc9qoVEtau3hj8gEqKQuL3HZAibKarWFEI3Lfm6EYKkLalOh8eSrj9b+ch9H/VBA=="
"npm","@babel/generator","7.29.8","MIT","desarrollo","https://registry.npmjs.org/@babel/generator/-/generator-7.29.8.tgz","sha512-gZbepsdh3WDtgZKWL+vTPh71LSBrm/Y4/QDZBVCcYfmeTEEuoOYwlSy+G1StfJg+/Zy550u/3TATbm7qDbbMtg=="
"npm","@babel/helper-compilation-targets","7.29.7","MIT","desarrollo","https://registry.npmjs.org/@babel/helper-compilation-targets/-/helper-compilation-targets-7.29.7.tgz","sha512-wem6WaBj4NaVYVdNhLPPVacES6ZJ+KBBfSkTMD3YZxbP3rm3Di85tJU5ljaUNhaOynt+Aj0xruhYuzQBt8n71g=="
"npm","@babel/helper-globals","7.29.7","MIT","desarrollo","https://registry.npmjs.org/@babel/helper-globals/-/helper-globals-7.29.7.tgz","sha512-3nQVUAtvkKH9zahfWgw96Jc/uFOmjACE1kQz82E2lqWmHBgjzbNlsC22nuQTfahmWeQtTq5nQ/4Nnd2A1wj4zA=="
"npm","@babel/helper-module-imports","7.29.7","MIT","desarrollo","https://registry.npmjs.org/@babel/helper-module-imports/-/helper-module-imports-7.29.7.tgz","sha512-ejHwrQQYcm9xnTivShn2IDOlIzInN34AXskvq9QicvCtEzq1Vzclu/tKF8Jq1Cg8JG2GL6/EmjgsCT7lXepE3g=="
"npm","@babel/helper-module-transforms","7.29.7","MIT","desarrollo","https://registry.npmjs.org/@babel/helper-module-transforms/-/helper-module-transforms-7.29.7.tgz","sha512-UPUVSyXbOh627KiCIGQSgwWzGeBKLkaJ9PJEdrngIwMSzxLR4jS4+f1f1jb7VzBbg8nFLaYotvVPFCTqdrmTAg=="
"npm","@babel/helper-plugin-utils","7.29.7","MIT","desarrollo","https://registry.npmjs.org/@babel/helper-plugin-utils/-/helper-plugin-utils-7.29.7.tgz","sha512-G7sHYigPY17oO5SYWnfD/0MTBwVR781S/JI643e/JhUYgVgWE/61SoW3NH9KWUKyKq5LVh3npif99Wkt6j86Jw=="
"npm","@babel/helper-string-parser","7.29.7","MIT","desarrollo","https://registry.npmjs.org/@babel/helper-string-parser/-/helper-string-parser-7.29.7.tgz","sha512-Pb5ijPrZ89GDH8223L4UP8i6QApWxs04RbPQJTeWDV0/keR2E36MeKnyr6LYmUUvqRRI+Iv87SuF1W6ErINzYw=="
"npm","@babel/helper-validator-identifier","7.29.7","MIT","desarrollo","https://registry.npmjs.org/@babel/helper-validator-identifier/-/helper-validator-identifier-7.29.7.tgz","sha512-qehxGkRj55h/ff8EMaJ+cYhyaKlHIxqYDn682wQD7RNp9UujOQsHog2uS0r2vzr4pW+sXf90NeeayjcNaX3fFg=="
"npm","@babel/helper-validator-option","7.29.7","MIT","desarrollo","https://registry.npmjs.org/@babel/helper-validator-option/-/helper-validator-option-7.29.7.tgz","sha512-N9ZErrD+yW5geCDtBqnOoxmR8+tNKiGuxKlDpuJxfsqpa2dFcexaziGAE/qoHLiDDreVNMupxGmSoNlyvsA3gw=="
"npm","@babel/helpers","7.29.7","MIT","desarrollo","https://registry.npmjs.org/@babel/helpers/-/helpers-7.29.7.tgz","sha512-1k2lAGRMfHTcwuNYcCNUmaUffmQv8KWMfh2iJUUeRlwlwH4FdNG7mfPI10NPfLHJFThE4Tyr4mv7kTNZOiPuBg=="
"npm","@babel/parser","7.29.8","MIT","desarrollo","https://registry.npmjs.org/@babel/parser/-/parser-7.29.8.tgz","sha512-E8lTAYNB1KW+FH+VGJuZM1ioAx2E6oVlvQFRrf5P8ZZmsiJXYAD9vTFV7yyEURNzgh1dFqMZuO6tUwcARbqFCA=="
"npm","@babel/plugin-transform-react-jsx-self","7.29.7","MIT","desarrollo","https://registry.npmjs.org/@babel/plugin-transform-react-jsx-self/-/plugin-transform-react-jsx-self-7.29.7.tgz","sha512-TL0hMc9xzy86VD31nUiwzd5otRAcyEPcsegCxolO0PvcXuH1v0kECe/UIznYFihpkvU5wg/jk4v0TTEFfm53fw=="
"npm","@babel/plugin-transform-react-jsx-source","7.29.7","MIT","desarrollo","https://registry.npmjs.org/@babel/plugin-transform-react-jsx-source/-/plugin-transform-react-jsx-source-7.29.7.tgz","sha512-06IyK09H3wi4cGbhDBwp5gUGo0IKtnYa8tyTiephirPCK6fbobVGiXMMI5zLQ4aKEYP3wZ3ArU44o+8KMrSG/Q=="
"npm","@babel/template","7.29.7","MIT","desarrollo","https://registry.npmjs.org/@babel/template/-/template-7.29.7.tgz","sha512-puq+Gf35oI24FeN11LkoUQFqv9uwNeWpxXZi/Ji3rRIoKAzKnxRaZ+Gkj0vKS9ZCiTESfng1N9LyOyXvo+m+Gg=="
"npm","@babel/traverse","7.29.8","MIT","desarrollo","https://registry.npmjs.org/@babel/traverse/-/traverse-7.29.8.tgz","sha512-I5z7H3bf/41ktsNVLtpN0wAa336HkqIHQ5BuPLEhTkt1jVSyZpeNKIzTgEWmlxjdg81R0IgUCcaE+Ok3NvrfZg=="
"npm","@babel/types","7.29.8","MIT","desarrollo","https://registry.npmjs.org/@babel/types/-/types-7.29.8.tgz","sha512-Vj1jF3cPfxg7OAfoI7QnVKLoILlm2JF9pnVHrX8qx7AHMiYWT+NDAA7jChlNgRS4WTLc/fD1lXLmPixluj+3Gg=="
"npm","@esbuild/aix-ppc64","0.28.2","MIT","desarrollo","https://registry.npmjs.org/@esbuild/aix-ppc64/-/aix-ppc64-0.28.2.tgz","sha512-XExcO+dvLKvVtNTibSTBej1NCAbaGhWn9Ww1ZPx80qsahhPFe/8jgWP0IchNe0F3HwkU7n8ejhH8bjonqht8mQ=="
"npm","@esbuild/android-arm","0.28.2","MIT","desarrollo","https://registry.npmjs.org/@esbuild/android-arm/-/android-arm-0.28.2.tgz","sha512-kXXoiPVVGQcnIYGOeaovwOURpniDBpSq4A03qkQ+BMQqtGG6HYap3xne9C1O1yo4TR3qxlCX5IqqmX6fFo2Lqg=="
"npm","@esbuild/android-arm64","0.28.2","MIT","desarrollo","https://registry.npmjs.org/@esbuild/android-arm64/-/android-arm64-0.28.2.tgz","sha512-5YfKeeI8qWfBZIX+u2xZC3Zlb3Os/gLS2sbEKM+I4ZOcsWmHS2WLysCcQZDAFRslDUU5Oiq44gf6PYN1vGwG5A=="
"npm","@esbuild/android-x64","0.28.2","MIT","desarrollo","https://registry.npmjs.org/@esbuild/android-x64/-/android-x64-0.28.2.tgz","sha512-O387ite7SzUyCcy3JQX4P4bLtEA7bLLkx+esve5JHnyYfNTxcVpXZo9jhdB0lTKN44gztELTdU7nS8Nr16Fs1Q=="
"npm","@esbuild/darwin-arm64","0.28.2","MIT","desarrollo","https://registry.npmjs.org/@esbuild/darwin-arm64/-/darwin-arm64-0.28.2.tgz","sha512-n4KqkOQrraxHJcgjM1RvwbigfQKIKJVpM7xp+KsxiyUSrRdIXnt73VhrPAx0fV44hgfmIVKjxMN9J1t5jySVkw=="
"npm","@esbuild/darwin-x64","0.28.2","MIT","desarrollo","https://registry.npmjs.org/@esbuild/darwin-x64/-/darwin-x64-0.28.2.tgz","sha512-uq6suIWYP37qzGddBKPw5QEQPi6HiLGsO7UmkpfyaYNQ3D+rN6w6WfwH+nuqcGXWvawGwxOEroO4YGnFh95azw=="
"npm","@esbuild/freebsd-arm64","0.28.2","MIT","desarrollo","https://registry.npmjs.org/@esbuild/freebsd-arm64/-/freebsd-arm64-0.28.2.tgz","sha512-n+I0BTSRIoy+d6RPKnEVwql5UwBJolytvY4mAOIEJorKlqgPII8ix6slVVrfZ5Tnj7glIZvloylbB/EJPMWEXw=="
"npm","@esbuild/freebsd-x64","0.28.2","MIT","desarrollo","https://registry.npmjs.org/@esbuild/freebsd-x64/-/freebsd-x64-0.28.2.tgz","sha512-78XJTJkvPs0kz2w61301PJjXl4g7q3JqiYMZ/M/yVI73EHBrCRTgkhu9oqG7vPqq+a/yadEW8aD+agKlk5xrmg=="
"npm","@esbuild/linux-arm","0.28.2","MIT","desarrollo","https://registry.npmjs.org/@esbuild/linux-arm/-/linux-arm-0.28.2.tgz","sha512-XlDnu2q5yoqems+xay6wSAcg9DDD7K9RLKZEBOMZm3ckNpJBvOX20tSfby8KfrrhINDyv9V2YVZKY/SpoGJI8w=="
"npm","@esbuild/linux-arm64","0.28.2","MIT","desarrollo","https://registry.npmjs.org/@esbuild/linux-arm64/-/linux-arm64-0.28.2.tgz","sha512-pW4AC0P3it8c7do9MVM4p51FzHzdM/TZrerurgRcHJ2WTa1VQ1CIq18xncfpBJw4ojkiZZrKW2yIBWBP92j6Ug=="
"npm","@esbuild/linux-ia32","0.28.2","MIT","desarrollo","https://registry.npmjs.org/@esbuild/linux-ia32/-/linux-ia32-0.28.2.tgz","sha512-CYbnj78HsIeA+DhgUKgFCfvNsTHFhMMrinUrMZpDXJXKN8T3XViTZ/+wtHeVxEWY8ewSzTFN+nRmSwO2tZaLUQ=="
"npm","@esbuild/linux-loong64","0.28.2","MIT","desarrollo","https://registry.npmjs.org/@esbuild/linux-loong64/-/linux-loong64-0.28.2.tgz","sha512-buwkd8nsph4R+ajRvw0qM5Hja/TXQow3ptzWO2EbG/cqcIkHloRrdlBtQlshyYGTNFvfkfJ5tpPLVkY4DtsPfQ=="
"npm","@esbuild/linux-mips64el","0.28.2","MIT","desarrollo","https://registry.npmjs.org/@esbuild/linux-mips64el/-/linux-mips64el-0.28.2.tgz","sha512-ZVykbDyk7519VwiNb9Lcj9m8XM6v5V9uKPvrEMkkEedVewf+0itkhahp4HDpgERXhwLRpWFypsGbG/J8s0QjJA=="
"npm","@esbuild/linux-ppc64","0.28.2","MIT","desarrollo","https://registry.npmjs.org/@esbuild/linux-ppc64/-/linux-ppc64-0.28.2.tgz","sha512-CAXl+Dtd9UUuJd8pKKdwh6MLm3MUMiqMPmhZ3tTSXPqfyQ3vDl6R5hZdZ/kYojK4ofXtdfSv1tFq8XzWx3heNQ=="
"npm","@esbuild/linux-riscv64","0.28.2","MIT","desarrollo","https://registry.npmjs.org/@esbuild/linux-riscv64/-/linux-riscv64-0.28.2.tgz","sha512-GeXCej4IQtU1B+QlDV8W/RRvbzI3O/Stss+/bCXv4lZls5WGRtu2a+3JkA3i4qIUlMXpcHebWpF8AkJhATowuA=="
"npm","@esbuild/linux-s390x","0.28.2","MIT","desarrollo","https://registry.npmjs.org/@esbuild/linux-s390x/-/linux-s390x-0.28.2.tgz","sha512-3H1weTYZPxt/WOhByszQZybS9w5lKzUn1FDMsgEChbHWQwHYQQRfBxgCcZvPhjHfKyJjIievvMmEUawJrdY9Dg=="
"npm","@esbuild/linux-x64","0.28.2","MIT","desarrollo","https://registry.npmjs.org/@esbuild/linux-x64/-/linux-x64-0.28.2.tgz","sha512-4xTZr1FUmSoQW4XIWmit3tzQrUTZM+N3P0XV8xROKYF50XfI7xeO90+1bZvNwxIufQ9hDQVRJH5YhgPVF8A/HQ=="
"npm","@esbuild/netbsd-arm64","0.28.2","MIT","desarrollo","https://registry.npmjs.org/@esbuild/netbsd-arm64/-/netbsd-arm64-0.28.2.tgz","sha512-sSATRjPeDBg3pdgHoQfoYBob11Kk1FGa9lui5RIHZCoCkJa9QKlvl3/vKz2usCmYYjs7ymJR/2Nnsqe+Hjt5nw=="
"npm","@esbuild/netbsd-x64","0.28.2","MIT","desarrollo","https://registry.npmjs.org/@esbuild/netbsd-x64/-/netbsd-x64-0.28.2.tgz","sha512-lqnzCV+mM0gIADaKihiCg6ifgfU2L3h5E33rNQBN1Y4MaVGnzryzmvvf7UHxprpQdE8hpqLolJ9Rl+SkIRDpyw=="
"npm","@esbuild/openbsd-arm64","0.28.2","MIT","desarrollo","https://registry.npmjs.org/@esbuild/openbsd-arm64/-/openbsd-arm64-0.28.2.tgz","sha512-AL2qJILH7lNjrDmCQDvdxMfAUIv8KMNZOvrwAQ8i8//ntL9FflhOyMJ8OZSMBb8/AWXe3/5v5S20y3zCoZWKoQ=="
"npm","@esbuild/openbsd-x64","0.28.2","MIT","desarrollo","https://registry.npmjs.org/@esbuild/openbsd-x64/-/openbsd-x64-0.28.2.tgz","sha512-QtiuPytchRyC4rwUKhexJdQKvDuZ6hWloi3igqPQNUJCS1/v9EiO3UTOXR6A3FoMo4fnAKbWJdqaIwhOzh8qEw=="
"npm","@esbuild/openharmony-arm64","0.28.2","MIT","desarrollo","https://registry.npmjs.org/@esbuild/openharmony-arm64/-/openharmony-arm64-0.28.2.tgz","sha512-WkhYDmpTjLvGlScA1rwjRUmhl4k8oXR3cIbtqWmELgU/dFeHHlEllxDvdWcNJV9rbzCexB5vz8gtNewWLgCT7Q=="
"npm","@esbuild/sunos-x64","0.28.2","MIT","desarrollo","https://registry.npmjs.org/@esbuild/sunos-x64/-/sunos-x64-0.28.2.tgz","sha512-GPMSkTOtMnv2U2F8gxe4Io6qmVs+YKyp832Etqqxr0hFngmXQ3rzwytelm3GIn7T4VviRUlf3sOgBOiTdvaf7g=="
"npm","@esbuild/win32-arm64","0.28.2","MIT","desarrollo","https://registry.npmjs.org/@esbuild/win32-arm64/-/win32-arm64-0.28.2.tgz","sha512-PIhhEkE9uPBleRBrQEJpUn7MBnibZzbGzYWPmY3x+YoVg/95zbjB4CxPPOQ8l5tYYM4mMaCthF8/1DIfBQQyWQ=="
"npm","@esbuild/win32-ia32","0.28.2","MIT","desarrollo","https://registry.npmjs.org/@esbuild/win32-ia32/-/win32-ia32-0.28.2.tgz","sha512-YmJbfTlvU7Sdn9BB+4PRES4oB6pxgS37MAONj+hBr/cpXS1aBPKXxNnDbu+QCWPj0o9dgyxeq79g6c5P8KeuYA=="
"npm","@esbuild/win32-x64","0.28.2","MIT","desarrollo","https://registry.npmjs.org/@esbuild/win32-x64/-/win32-x64-0.28.2.tgz","sha512-5ebpxr3nWMzrL/rnUI755Jkuee0bHL/Gq0WTF9lvcpv73wAp5eu8MfBUgWK9bhWvZjj7yX8etf/8tI8Ney695g=="
"npm","@jridgewell/gen-mapping","0.3.13","MIT","desarrollo","https://registry.npmjs.org/@jridgewell/gen-mapping/-/gen-mapping-0.3.13.tgz","sha512-2kkt/7niJ6MgEPxF0bYdQ6etZaA+fQvDcLKckhy1yIQOzaoKjBBjSj63/aLVjYE3qhRt5dvM+uUyfCg6UKCBbA=="
"npm","@jridgewell/remapping","2.3.5","MIT","desarrollo","https://registry.npmjs.org/@jridgewell/remapping/-/remapping-2.3.5.tgz","sha512-LI9u/+laYG4Ds1TDKSJW2YPrIlcVYOwi2fUC6xB43lueCjgxV4lffOCZCtYFiH6TNOX+tQKXx97T4IKHbhyHEQ=="
"npm","@jridgewell/resolve-uri","3.1.2","MIT","desarrollo","https://registry.npmjs.org/@jridgewell/resolve-uri/-/resolve-uri-3.1.2.tgz","sha512-bRISgCIjP20/tbWSPWMEi54QVPRZExkuD9lJL+UIxUKtwVJA8wW1Trb1jMs1RFXo1CBTNZ/5hpC9QvmKWdopKw=="
"npm","@jridgewell/sourcemap-codec","1.5.5","MIT","desarrollo","https://registry.npmjs.org/@jridgewell/sourcemap-codec/-/sourcemap-codec-1.5.5.tgz","sha512-cYQ9310grqxueWbl+WuIUIaiUaDcj7WOq5fVhEljNVgRfOUhY9fy2zTvfoqWsnebh8Sl70VScFbICvJnLKB0Og=="
"npm","@jridgewell/trace-mapping","0.3.31","MIT","desarrollo","https://registry.npmjs.org/@jridgewell/trace-mapping/-/trace-mapping-0.3.31.tgz","sha512-zzNR+SdQSDJzc8joaeP8QQoCQr8NuYx2dIIytl1QeBEZHJ9uW6hebsrYgbz8hJwUQao3TWCMtmfV8Nu1twOLAw=="
"npm","@napi-rs/canvas","1.0.8","MIT","opcional; inclusion por verificar","https://registry.npmjs.org/@napi-rs/canvas/-/canvas-1.0.8.tgz","sha512-/SaLcvlqGWdm0HSCWMgHu7cjJiQXfP8/mOY+6dUyV9flQz7sPBBZ+ed2zYtoukojPmxOaL7bm+d/G4GeWWoN7g=="
"npm","@napi-rs/canvas-android-arm64","1.0.8","MIT","opcional; inclusion por verificar","https://registry.npmjs.org/@napi-rs/canvas-android-arm64/-/canvas-android-arm64-1.0.8.tgz","sha512-5+nkh8i3gt6lqS/d2jTZ1xAn6tdgtB4Lf1mW6T0Qm5/rXNwBuV1sAEyLEWan5o9gJPU/GuvHR3rvSeZ+FaGrbw=="
"npm","@napi-rs/canvas-darwin-arm64","1.0.8","MIT","opcional; inclusion por verificar","https://registry.npmjs.org/@napi-rs/canvas-darwin-arm64/-/canvas-darwin-arm64-1.0.8.tgz","sha512-7jQ47gi+fZ7KJmfc/5rNyy1CYw/cu4kZ0KPIYbo9UUgSdW0bKQJpt+WihEor6s4Lyp7+xc3a+3HeyXmAEbbnPg=="
"npm","@napi-rs/canvas-darwin-x64","1.0.8","MIT","opcional; inclusion por verificar","https://registry.npmjs.org/@napi-rs/canvas-darwin-x64/-/canvas-darwin-x64-1.0.8.tgz","sha512-rRjDMZs9pIRKGxgijwezplKc1RnJsqUokrA9h88bbTkqQ+7ePj0ZN4ZnZDy8Vu0tXs7KRlI2tQLaK4mx9QlxHg=="
"npm","@napi-rs/canvas-linux-arm-gnueabihf","1.0.8","MIT","opcional; inclusion por verificar","https://registry.npmjs.org/@napi-rs/canvas-linux-arm-gnueabihf/-/canvas-linux-arm-gnueabihf-1.0.8.tgz","sha512-jGcCd+8ra6Q61xKqZeiItujTpp9a9eRLcQ0jW6qYNku+WpupqOPFPY0SrsuSnXFviJwkpKYT9p7QrB4lsf3LNQ=="
"npm","@napi-rs/canvas-linux-arm64-gnu","1.0.8","MIT","opcional; inclusion por verificar","https://registry.npmjs.org/@napi-rs/canvas-linux-arm64-gnu/-/canvas-linux-arm64-gnu-1.0.8.tgz","sha512-od6I2Y7kU7i1SwZYG2EKW8rWz6JiedtPpko4WEe1DDsiikrfaotVBCRaUTM5/yeZKaZ92EatoAS+5xG+6uJlYA=="
"npm","@napi-rs/canvas-linux-arm64-musl","1.0.8","MIT","opcional; inclusion por verificar","https://registry.npmjs.org/@napi-rs/canvas-linux-arm64-musl/-/canvas-linux-arm64-musl-1.0.8.tgz","sha512-yYkPbJDJiWj6N0gASA3CAvRypZmVpJnxU0DQg3aBhneLDQde9TPLKADsQkobNoJUtTT/lj46aWpzT48PDb3Qcg=="
"npm","@napi-rs/canvas-linux-riscv64-gnu","1.0.8","MIT","opcional; inclusion por verificar","https://registry.npmjs.org/@napi-rs/canvas-linux-riscv64-gnu/-/canvas-linux-riscv64-gnu-1.0.8.tgz","sha512-PB00MSKAp4VwK/xwe6duKxRKmH8UH4GIl1pqHSbxng0jnU9Dr7FwaDypDiqwNFZ774N+8G7mJLGuLtg9NTcQsg=="
"npm","@napi-rs/canvas-linux-x64-gnu","1.0.8","MIT","opcional; inclusion por verificar","https://registry.npmjs.org/@napi-rs/canvas-linux-x64-gnu/-/canvas-linux-x64-gnu-1.0.8.tgz","sha512-TWM2XWJoitLiIPCvgJh7SriC+L/T9qkYCVzC66AidsZy0QP1hkKzBzVwshCdcA3q6fIn3yE0ISbq4lMJSy8jFw=="
"npm","@napi-rs/canvas-linux-x64-musl","1.0.8","MIT","opcional; inclusion por verificar","https://registry.npmjs.org/@napi-rs/canvas-linux-x64-musl/-/canvas-linux-x64-musl-1.0.8.tgz","sha512-hb20MxKXXb5IB7AAwN8UHz9WRsa2HmdZfjsDCzjElwJoeV1aotVEwFU4FrFQcYQVzsJQLeaCc/2Qdt/0Q72mMg=="
"npm","@napi-rs/canvas-win32-arm64-msvc","1.0.8","MIT","opcional; inclusion por verificar","https://registry.npmjs.org/@napi-rs/canvas-win32-arm64-msvc/-/canvas-win32-arm64-msvc-1.0.8.tgz","sha512-WwPN08IXE4SkL+FhJyPz/iFnycMAUkbphFIT4cmKLlvbSU0Zfn1R7BGJ3Hqky1S89QUYc0Q4IOScXb/42Re9wQ=="
"npm","@napi-rs/canvas-win32-x64-msvc","1.0.8","MIT","opcional; inclusion por verificar","https://registry.npmjs.org/@napi-rs/canvas-win32-x64-msvc/-/canvas-win32-x64-msvc-1.0.8.tgz","sha512-XkrVqKb+pxyba7kjy2LJvABFVBTE0DNpEl7MrG4OYUmaWarrXH+t54z/Czj2YxCKtizYTV4mg6phNm3x24qjhQ=="
"npm","@napi-rs/lzma-linux-x64-gnu","1.5.1","MIT","desarrollo","https://registry.npmjs.org/@napi-rs/lzma-linux-x64-gnu/-/lzma-linux-x64-gnu-1.5.1.tgz","sha512-oTXEIha4SsuXdTA4Iyskj0kpdx2yVXdhd75c2v3xGrHFfVMsbhTPZU/nMPL4sWKo4pBHm3aucLaqGlF696dTyQ=="
"npm","@rolldown/pluginutils","1.0.0-beta.27","MIT","desarrollo","https://registry.npmjs.org/@rolldown/pluginutils/-/pluginutils-1.0.0-beta.27.tgz","sha512-+d0F4MKMCbeVUJwG96uQ4SgAznZNSq93I3V+9NHA4OpvqG8mRCpGdKmK8l/dl02h2CCDHwW2FqilnTyDcAnqjA=="
"npm","@rollup/rollup-android-arm-eabi","4.62.5","MIT","desarrollo","https://registry.npmjs.org/@rollup/rollup-android-arm-eabi/-/rollup-android-arm-eabi-4.62.5.tgz","sha512-jfkGfTwhQpsiSckPF8r9bU3pn3vyd72NlWaO+TgEO6WPSDnUhXzrNYCHBMOYj0ACaUgjm6eERLF+XV9a6RstoA=="
"npm","@rollup/rollup-android-arm64","4.62.5","MIT","desarrollo","https://registry.npmjs.org/@rollup/rollup-android-arm64/-/rollup-android-arm64-4.62.5.tgz","sha512-oGVqyQlxnrz9/ty89oHpU857VUHEl5/Xu4R2lS+aivCTrNnSsbiENzTnNaBsjxH0CNWGPhzHArOLFwo+oKXveA=="
"npm","@rollup/rollup-darwin-arm64","4.62.5","MIT","desarrollo","https://registry.npmjs.org/@rollup/rollup-darwin-arm64/-/rollup-darwin-arm64-4.62.5.tgz","sha512-bW7B8xMEq8n99Q3ieEcPRGuphurdZAaFzQc9Efyyw3FL6DZO6pMy9xhdN+kBoD7Sy05xNXSr4OyPPnpkYriS/A=="
"npm","@rollup/rollup-darwin-x64","4.62.5","MIT","desarrollo","https://registry.npmjs.org/@rollup/rollup-darwin-x64/-/rollup-darwin-x64-4.62.5.tgz","sha512-YSwBS86QeHOGlrxJ1PSOIZSkzRL/JmKeunhc+lV6M1a6En8QuVCD/T/qIA0J4Gd2Y86RIOBYrLcOUtqGh9+/1w=="
"npm","@rollup/rollup-freebsd-arm64","4.62.5","MIT","desarrollo","https://registry.npmjs.org/@rollup/rollup-freebsd-arm64/-/rollup-freebsd-arm64-4.62.5.tgz","sha512-2fST8lILgl7cKbme/1KDdPCmbXbG+gqoV3bHp19L0ypX/3akYMBVdOunPleRCwonoLnXOZ/0F+Mt/v8POFmfcQ=="
"npm","@rollup/rollup-freebsd-x64","4.62.5","MIT","desarrollo","https://registry.npmjs.org/@rollup/rollup-freebsd-x64/-/rollup-freebsd-x64-4.62.5.tgz","sha512-cpIxQCP9J+EVad0a6LO1kY3ZGODlk80VlI+2I96B8xMcdHZ4pLVhfQ49JFpYqjPF91FFkQWftf57YlDcTiw9yQ=="
"npm","@rollup/rollup-linux-arm-gnueabihf","4.62.5","MIT","desarrollo","https://registry.npmjs.org/@rollup/rollup-linux-arm-gnueabihf/-/rollup-linux-arm-gnueabihf-4.62.5.tgz","sha512-r9fGh3eFs3e/udWh5ZjXQtxiYK/xoFxQaYR/cELxac/Udkl5Th+IsFm0CX3Kl9hmUH/we7EoMpjJgeQNnE0+IA=="
"npm","@rollup/rollup-linux-arm-musleabihf","4.62.5","MIT","desarrollo","https://registry.npmjs.org/@rollup/rollup-linux-arm-musleabihf/-/rollup-linux-arm-musleabihf-4.62.5.tgz","sha512-xdvFdp7OM6KLJviJT2g/YuRSUjnZgGHk4RNgwIbN7X6cPugOucV60DdHXWzsBVCUdrGb6qSXnJQrrAKMmQuj3Q=="
"npm","@rollup/rollup-linux-arm64-gnu","4.62.5","MIT","desarrollo","https://registry.npmjs.org/@rollup/rollup-linux-arm64-gnu/-/rollup-linux-arm64-gnu-4.62.5.tgz","sha512-rRqILAndyzHzP7T9NFQrq+4HFWNhqkqkKur7eiBpfLmz01PO0JKx5Vchu3YllE4YXI/Ftgq/szrDWg5GJ0mI8g=="
"npm","@rollup/rollup-linux-arm64-musl","4.62.5","MIT","desarrollo","https://registry.npmjs.org/@rollup/rollup-linux-arm64-musl/-/rollup-linux-arm64-musl-4.62.5.tgz","sha512-Gf4X3qVMucayUvux6aXXPgXovocSFUC0rrffDuPI/S2nHhNMhjcZxsrAFYCOF350PRreW1XwzFj3CT/3bKsWCw=="
"npm","@rollup/rollup-linux-loong64-gnu","4.62.5","MIT","desarrollo","https://registry.npmjs.org/@rollup/rollup-linux-loong64-gnu/-/rollup-linux-loong64-gnu-4.62.5.tgz","sha512-+s5qA0TNM0qm8PK/a5gt/1Hpx+NV08uSuCncvhziIlQzT6AEV2fnUQo7eBtFTFO0nA9scauvoR2HusfXmQnO4w=="
"npm","@rollup/rollup-linux-loong64-musl","4.62.5","MIT","desarrollo","https://registry.npmjs.org/@rollup/rollup-linux-loong64-musl/-/rollup-linux-loong64-musl-4.62.5.tgz","sha512-ybb6QvWwWJCbBWqERpc8K3pYVGIrXlG8MEQ8IIuJY6Y9KdHQxoFoNyfkAOtKn1VHu3KuLidXvwrvGR1mEjeWCw=="
"npm","@rollup/rollup-linux-ppc64-gnu","4.62.5","MIT","desarrollo","https://registry.npmjs.org/@rollup/rollup-linux-ppc64-gnu/-/rollup-linux-ppc64-gnu-4.62.5.tgz","sha512-nZb1DtnOyhCmYvsC8A2CwOkopVg+IS1+fPUa7rMOAXtNw5+lLCLLPqd6XAiNrGtoQKsbvIBOwsHnBH/3wnb4HQ=="
"npm","@rollup/rollup-linux-ppc64-musl","4.62.5","MIT","desarrollo","https://registry.npmjs.org/@rollup/rollup-linux-ppc64-musl/-/rollup-linux-ppc64-musl-4.62.5.tgz","sha512-yMbj63Sp89ryrXLWyz+sy+fYD2HpOnMCLGbe4Oa1smclFSUukdtD/BgdiHaAetJNb74URD8U4hM+qG5KVzMEkg=="
"npm","@rollup/rollup-linux-riscv64-gnu","4.62.5","MIT","desarrollo","https://registry.npmjs.org/@rollup/rollup-linux-riscv64-gnu/-/rollup-linux-riscv64-gnu-4.62.5.tgz","sha512-mhoan3OJw2kYV/e1jtIdmvUZgyBFeA6zGWsOswmR0Tg19TQbowZuR+JMLID6spbbBN7Zee2ejrgmy3+FxGrIdA=="
"npm","@rollup/rollup-linux-riscv64-musl","4.62.5","MIT","desarrollo","https://registry.npmjs.org/@rollup/rollup-linux-riscv64-musl/-/rollup-linux-riscv64-musl-4.62.5.tgz","sha512-5ZTLmjWbb1VZdjuyhe83K/8QO0/h11midQCBP+X5OYn32ra7eOBoM0ZqtaY4nkgNsYgmdVhMYPoyVPTjUpHf3w=="
"npm","@rollup/rollup-linux-s390x-gnu","4.62.5","MIT","desarrollo","https://registry.npmjs.org/@rollup/rollup-linux-s390x-gnu/-/rollup-linux-s390x-gnu-4.62.5.tgz","sha512-m53kG+br6PGxOTmgBEM2DHSDs9RVjsyEbUwjJPJGTFm1grWOG8EKJggDCTb60unD4Tjby8fi7/m9XfkEWasVWg=="
"npm","@rollup/rollup-linux-x64-gnu","4.62.5","MIT","desarrollo","https://registry.npmjs.org/@rollup/rollup-linux-x64-gnu/-/rollup-linux-x64-gnu-4.62.5.tgz","sha512-6RHPJR1g/uvdYU8uXBnfq3nlqyZCP82Fr6NHgfGoaIeSh0YEqnX/x6uA9MmJJbnSH7swqX4F+CkGdUF+6doiQA=="
"npm","@rollup/rollup-linux-x64-musl","4.62.5","MIT","desarrollo","https://registry.npmjs.org/@rollup/rollup-linux-x64-musl/-/rollup-linux-x64-musl-4.62.5.tgz","sha512-xs+OXQtEXgpXT0DmA5+U3qnRZHdCST/5HRQxS8wSPZTUZN/EMWeHuSIod32LQklTBZBV9DyfncKBQ8n5V3eFdw=="
"npm","@rollup/rollup-openbsd-x64","4.62.5","MIT","desarrollo","https://registry.npmjs.org/@rollup/rollup-openbsd-x64/-/rollup-openbsd-x64-4.62.5.tgz","sha512-e7hD+sl3s+mcLQDZ8pbudBVsdG6r5yN4w3LqG2TJ8sQHDpblWj5lrJs/3m01Cvlxbt4x13zu5thLjgypgtkYzw=="
"npm","@rollup/rollup-openharmony-arm64","4.62.5","MIT","desarrollo","https://registry.npmjs.org/@rollup/rollup-openharmony-arm64/-/rollup-openharmony-arm64-4.62.5.tgz","sha512-GiyJaCf+WpMub/17aPcKk27QMl5W6f+KhdPTjlFOn5akH5Wa/DCM9Stdx5cDfmasyKB08MqpVQ1uJE2RkkpbXg=="
"npm","@rollup/rollup-win32-arm64-msvc","4.62.5","MIT","desarrollo","https://registry.npmjs.org/@rollup/rollup-win32-arm64-msvc/-/rollup-win32-arm64-msvc-4.62.5.tgz","sha512-+OQ8U2DdoEfXl8T4Fb18AjmEwbXMerKDKCL8yCPAYhKCEEKoul7rkbeGCBFCbAlaGaa7pmtRTpkAJM2LE/i5FA=="
"npm","@rollup/rollup-win32-ia32-msvc","4.62.5","MIT","desarrollo","https://registry.npmjs.org/@rollup/rollup-win32-ia32-msvc/-/rollup-win32-ia32-msvc-4.62.5.tgz","sha512-KanvAZrPKbDBFwrgiU9yEVpQoox9QPV1WZOXX7HudJQY+eSlu82CtWxDU8WtuRRvtN5EGkLczkd6Y6DTcvm9wA=="
"npm","@rollup/rollup-win32-x64-gnu","4.62.5","MIT","desarrollo","https://registry.npmjs.org/@rollup/rollup-win32-x64-gnu/-/rollup-win32-x64-gnu-4.62.5.tgz","sha512-1aC3UEWTtRl3RK3VpDJ/Tqk1XI4SLTmXIthAq6wRWo8XiSXJNd+VprJM4/1P4+i6HIaFEFlVi9sTTziniD2tOQ=="
"npm","@rollup/rollup-win32-x64-msvc","4.62.5","MIT","desarrollo","https://registry.npmjs.org/@rollup/rollup-win32-x64-msvc/-/rollup-win32-x64-msvc-4.62.5.tgz","sha512-/gDJaRs4gl0NPIwqCz+6PkpmhhjRAD2j6P4rSNHBzUkO3naEx2mIU0pRle1vUNRQ7mE/+8OOeXLTv/J56FKiQg=="
"npm","@tauri-apps/api","2.11.1","Apache-2.0 OR MIT","frontend; inclusion por verificar","https://registry.npmjs.org/@tauri-apps/api/-/api-2.11.1.tgz","sha512-M2FPuYND2m+wh5hfW9ZpSdxMPdEJovPBWwoHJmwUpysTYNHaOkVFN419m/K0LIgjb/7KU2vBgsUepJWugQCvAA=="
"npm","@tauri-apps/cli","2.11.4","Apache-2.0 OR MIT","desarrollo","https://registry.npmjs.org/@tauri-apps/cli/-/cli-2.11.4.tgz","sha512-R8xGtMpwyetawSqm9kYOuMmEqkhUbvcUy8n0aNXIxollKBLESUu5f4Fx+64hgASYm1H+jSWq6jCW6zqTnH6hqQ=="
"npm","@tauri-apps/cli-darwin-arm64","2.11.4","Apache-2.0 OR MIT","desarrollo","https://registry.npmjs.org/@tauri-apps/cli-darwin-arm64/-/cli-darwin-arm64-2.11.4.tgz","sha512-1ryOF3ZhpZ/nemHV5zVwBQBz9jDGKmKPvWPADOhc83ig0P4bMc2iER4NbC6r9sjeIZ6RVQ4g3RZIYvezhcl4TQ=="
"npm","@tauri-apps/cli-darwin-x64","2.11.4","Apache-2.0 OR MIT","desarrollo","https://registry.npmjs.org/@tauri-apps/cli-darwin-x64/-/cli-darwin-x64-2.11.4.tgz","sha512-uFsGQAAfuyz1k/yGLmkWfkBlgKAqZfxqlHmLWx81QU27RJWfmbNHCIq8T8w1e+VClleIuZUjpHWfoE4E3DLo3A=="
"npm","@tauri-apps/cli-linux-arm-gnueabihf","2.11.4","Apache-2.0 OR MIT","desarrollo","https://registry.npmjs.org/@tauri-apps/cli-linux-arm-gnueabihf/-/cli-linux-arm-gnueabihf-2.11.4.tgz","sha512-IaHZn5CdBL21oUmjiVOS1ctw6Ip1O0pjp70FwOWmYz1myWe0SY96ZIj2FYf7pT0m8bI2h/hrs5ZbEXXh44/MkQ=="
"npm","@tauri-apps/cli-linux-arm64-gnu","2.11.4","Apache-2.0 OR MIT","desarrollo","https://registry.npmjs.org/@tauri-apps/cli-linux-arm64-gnu/-/cli-linux-arm64-gnu-2.11.4.tgz","sha512-N41/ukTRVe6XSuUTESuFdGeOW2i7k62tK+6gHK5Kd5/q5RPvvi19GaWAVPPb9u95HSGmTChSolBfzynUsssFaA=="
"npm","@tauri-apps/cli-linux-arm64-musl","2.11.4","Apache-2.0 OR MIT","desarrollo","https://registry.npmjs.org/@tauri-apps/cli-linux-arm64-musl/-/cli-linux-arm64-musl-2.11.4.tgz","sha512-v277UnT/fB64xAfSroL5N3Km3tLmvATWqJJw/wRI+g6o+HkeD0slyE7gOhNs1MbjE41R7bQOTxMVoL3aomUJmw=="
"npm","@tauri-apps/cli-linux-riscv64-gnu","2.11.4","Apache-2.0 OR MIT","desarrollo","https://registry.npmjs.org/@tauri-apps/cli-linux-riscv64-gnu/-/cli-linux-riscv64-gnu-2.11.4.tgz","sha512-qqgNkQ2u1yZHxjhxsZaxUtRDW8dIqIYm33rx/mzwQv0SfY9x1B+iraj8vWeFiXjjSVVhEMepXSOts1TqPzvXNQ=="
"npm","@tauri-apps/cli-linux-x64-gnu","2.11.4","Apache-2.0 OR MIT","desarrollo","https://registry.npmjs.org/@tauri-apps/cli-linux-x64-gnu/-/cli-linux-x64-gnu-2.11.4.tgz","sha512-2VRNWl84FOH0m2giiDkO2h0QXlcMJeX+zJDpI5kDIQAx6s+geF3v48F4DXfJez4GS/FdoDGnPnw1C2iYGbQ7bQ=="
"npm","@tauri-apps/cli-linux-x64-musl","2.11.4","Apache-2.0 OR MIT","desarrollo","https://registry.npmjs.org/@tauri-apps/cli-linux-x64-musl/-/cli-linux-x64-musl-2.11.4.tgz","sha512-o9GyhYor/nc7xarmwDE3ka2szuW3uuZzXjHWh64Q8YX5AtSgxdQkFWzrY4O8KiGtVNvFBI14H3Q49Qj5TOIP/A=="
"npm","@tauri-apps/cli-win32-arm64-msvc","2.11.4","Apache-2.0 OR MIT","desarrollo","https://registry.npmjs.org/@tauri-apps/cli-win32-arm64-msvc/-/cli-win32-arm64-msvc-2.11.4.tgz","sha512-ld5Ehb598m0VkYyylRPNeCFsBe/km0jxis6KgMpl3IGY6I/i1RwQXO05I1AsXUXO2WC6AvB/Lw4qTf/asiuEiQ=="
"npm","@tauri-apps/cli-win32-ia32-msvc","2.11.4","Apache-2.0 OR MIT","desarrollo","https://registry.npmjs.org/@tauri-apps/cli-win32-ia32-msvc/-/cli-win32-ia32-msvc-2.11.4.tgz","sha512-12Hxi0XX/H5VFxO/bGgHkFWhml9VMgEOu9CidjeCeTNQ1l6fpUlbiGgSP7CLI3PFtW9/FfbeHieZ+kyWK5H7CA=="
"npm","@tauri-apps/cli-win32-x64-msvc","2.11.4","Apache-2.0 OR MIT","desarrollo","https://registry.npmjs.org/@tauri-apps/cli-win32-x64-msvc/-/cli-win32-x64-msvc-2.11.4.tgz","sha512-+vDiqBIU5dMISg/wNvX3sF+ZHfgJGJ5T0AcO+EHNXV9GGAG+P5fzodlDXD3QdKCRgZxMoCm5PPvj3BqLNjBthw=="
"npm","@tauri-apps/plugin-dialog","2.7.2","MIT OR Apache-2.0","frontend; inclusion por verificar","https://registry.npmjs.org/@tauri-apps/plugin-dialog/-/plugin-dialog-2.7.2.tgz","sha512-pX0IGm1I3I6wc+zeKYcq1GSqogK6okCNX5fOdaNU5ab1AjGS6l1E5wFNjEb7meg7ZFSp0JUs+0jQGQNyOvLrsg=="
"npm","@tauri-apps/plugin-opener","2.5.4","MIT OR Apache-2.0","frontend; inclusion por verificar","https://registry.npmjs.org/@tauri-apps/plugin-opener/-/plugin-opener-2.5.4.tgz","sha512-1HnPkb+AmgO29HBazm4uPLKB+r7zzcTBW1d0fyYp1uP+jwtpoiNDGKMMzz58SFp49nOIrxdE3aUJtT57lfO9CQ=="
"npm","@tauri-apps/plugin-sql","2.4.0","MIT OR Apache-2.0","frontend; inclusion por verificar","https://registry.npmjs.org/@tauri-apps/plugin-sql/-/plugin-sql-2.4.0.tgz","sha512-SIICc5JlnK6OrBZzOw7MmhXHPlmASpt5zLWIu10WW4kLr5cDYOXHdV2MoCgYQkgZLQfyBYgF3SQa5XCisUiQkw=="
"npm","@types/babel__core","7.20.5","MIT","desarrollo","https://registry.npmjs.org/@types/babel__core/-/babel__core-7.20.5.tgz","sha512-qoQprZvz5wQFJwMDqeseRXWv3rqMvhgpbXFfVyWhbx9X47POIA6i/+dXefEmZKoAgOaTdaIgNSMqMIU61yRyzA=="
"npm","@types/babel__generator","7.27.0","MIT","desarrollo","https://registry.npmjs.org/@types/babel__generator/-/babel__generator-7.27.0.tgz","sha512-ufFd2Xi92OAVPYsy+P4n7/U7e68fex0+Ee8gSG9KX7eo084CWiQ4sdxktvdl0bOPupXtVJPY19zk6EwWqUQ8lg=="
"npm","@types/babel__template","7.4.4","MIT","desarrollo","https://registry.npmjs.org/@types/babel__template/-/babel__template-7.4.4.tgz","sha512-h/NUaSyG5EyxBIp8YRxo4RMe2/qQgvyowRwVMzhYhBCONbW8PUsg4lkFMrhgZhUe5z3L3MiLDuvyJ/CaPa2A8A=="
"npm","@types/babel__traverse","7.28.0","MIT","desarrollo","https://registry.npmjs.org/@types/babel__traverse/-/babel__traverse-7.28.0.tgz","sha512-8PvcXf70gTDZBgt9ptxJ8elBeBjcLOAcOtoO/mPJjtji1+CdGbHgm77om1GrsPxsiE+uXIpNSK64UYaIwQXd4Q=="
"npm","@types/estree","1.0.9","MIT","desarrollo","https://registry.npmjs.org/@types/estree/-/estree-1.0.9.tgz","sha512-GhdPgy1el4/ImP05X05Uw4cw2/M93BCUmnEvWZNStlCzEKME4Fkk+YpoA5OiHNQmoS7Cafb8Xa3Pya8m1Qrzeg=="
"npm","@types/react","19.2.18","MIT","desarrollo","https://registry.npmjs.org/@types/react/-/react-19.2.18.tgz","sha512-AnzbBERsrLKtk2XSfTbYRLjQPdy116Sty4q+T+Bp3IC4l6jNBvreVPAHmpq9qhXQM7CXZPjLVmGMw9sy+hxQ3w=="
"npm","@types/react-dom","19.2.5","MIT","desarrollo","https://registry.npmjs.org/@types/react-dom/-/react-dom-19.2.5.tgz","sha512-fMPwH9v7r/pp43yUd2/Mbiex5KouJwwR3dzHkhLREUC6764VyDsqxhAxv6OFEYR1RhjOyD1naqba8ECDBe7ZQg=="
"npm","@vitejs/plugin-react","4.7.0","MIT","desarrollo","https://registry.npmjs.org/@vitejs/plugin-react/-/plugin-react-4.7.0.tgz","sha512-gUu9hwfWvvEDBBmgtAowQCojwZmJ5mcLn3aufeCsitijs3+f2NsrPtlAWIR6OPiqljl96GVCUbLe0HyqIpVaoA=="
"npm","baseline-browser-mapping","2.11.18","Apache-2.0","desarrollo","https://registry.npmjs.org/baseline-browser-mapping/-/baseline-browser-mapping-2.11.18.tgz","sha512-1iEmLEYSiE1SeBoAfPo/Mnx3PzfzHUkDK61ASkCpuk3YXugYLH5DYK1SzqV55F8FMI6s0F+/tCP7Polz1QRjxw=="
"npm","browserslist","4.28.8","MIT","desarrollo","https://registry.npmjs.org/browserslist/-/browserslist-4.28.8.tgz","sha512-V2NpofLblG64mfOtSgDhOJESZEGogzDMBv/q+W6oc4LXWP/q75eOXoOaaOu1EOadB9U4Bwx/e0yzbvwKH8zalA=="
"npm","caniuse-lite","1.0.30001809","CC-BY-4.0","desarrollo","https://registry.npmjs.org/caniuse-lite/-/caniuse-lite-1.0.30001809.tgz","sha512-xxWVywk6a6Arlk+hymeycyn/VgqEfLDxupvhH/xiY5SJ/18kmi9o6MiO320DCUzypORHLtvh0I4i04tUhCNHNQ=="
"npm","convert-source-map","2.0.0","MIT","desarrollo","https://registry.npmjs.org/convert-source-map/-/convert-source-map-2.0.0.tgz","sha512-Kvp459HrV2FEJ1CAsi1Ku+MY3kasH19TFykTz2xWmMeq6bk2NU3XXvfJ+Q61m0xktWwt+1HSYf3JZsTms3aRJg=="
"npm","csstype","3.2.3","MIT","desarrollo","https://registry.npmjs.org/csstype/-/csstype-3.2.3.tgz","sha512-z1HGKcYy2xA8AGQfwrn0PAy+PB7X/GSj3UVJW9qKyn43xWa+gl5nXmU4qqLMRzWVLFC8KusUX8T/0kCiOYpAIQ=="
"npm","debug","4.4.3","MIT","desarrollo","https://registry.npmjs.org/debug/-/debug-4.4.3.tgz","sha512-RGwwWnwQvkVfavKVt22FGLw+xYSdzARwm0ru6DhTVA3umU5hZc28V3kO4stgYryrTlLpuvgI9GiijltAjNbcqA=="
"npm","electron-to-chromium","1.5.413","ISC","desarrollo","https://registry.npmjs.org/electron-to-chromium/-/electron-to-chromium-1.5.413.tgz","sha512-F1XPKvt7HVfly5WND90ec16nFsdr4g5x/cVUP3EqjeyXynupabGDqpMa84wwvuYGDnldXLBz6DLXyZXWO9TPvw=="
"npm","esbuild","0.28.2","MIT","desarrollo","https://registry.npmjs.org/esbuild/-/esbuild-0.28.2.tgz","sha512-HKVLS8dvII+xoKW9kmqxbRKrnWEXfJJr/FZhhJmiqIB0e053QNYFqOBouTMO/k5sID4MvCiUCvv8b9M4h32wIA=="
"npm","escalade","3.2.0","MIT","desarrollo","https://registry.npmjs.org/escalade/-/escalade-3.2.0.tgz","sha512-WUj2qlxaQtO4g6Pq5c29GTcWGDyd8itL8zTlipgECz3JesAiiOKotd8JU6otB3PACgG6xkJUyVhboMS+bje/jA=="
"npm","fdir","6.5.0","MIT","desarrollo","https://registry.npmjs.org/fdir/-/fdir-6.5.0.tgz","sha512-tIbYtZbucOs0BRGqPJkshJUYdL+SDH7dVM8gjy+ERp3WAUjLEFJE+02kanyHtwjWOnwrKYBiwAmM0p4kLJAnXg=="
"npm","fsevents","2.3.3","MIT","desarrollo","https://registry.npmjs.org/fsevents/-/fsevents-2.3.3.tgz","sha512-5xoDfX+fL7faATnagmWPpbFtwh/R77WmMMqqHGS65C3vvB0YHrgF+B1YmZ3441tMj5n63k0212XNoJwzlhffQw=="
"npm","gensync","1.0.0-beta.2","MIT","desarrollo","https://registry.npmjs.org/gensync/-/gensync-1.0.0-beta.2.tgz","sha512-3hN7NaskYvMDLQY55gnW3NQ+mesEAepTqlg+VEbj7zzqEMBVNhzcGYYeqFo/TlYz6eQiFcp1HcsCZO+nGgS8zg=="
"npm","js-tokens","4.0.0","MIT","desarrollo","https://registry.npmjs.org/js-tokens/-/js-tokens-4.0.0.tgz","sha512-RdJUflcE3cUzKiMqQgsCu06FPu9UdIJO0beYbPhHN4k6apgJtifcoCtT9bcxOpYBtpD2kCM6Sbzg4CausW/PKQ=="
"npm","jsesc","3.1.0","MIT","desarrollo","https://registry.npmjs.org/jsesc/-/jsesc-3.1.0.tgz","sha512-/sM3dO2FOzXjKQhJuo0Q173wf2KOo8t4I8vHy6lF9poUp7bKT0/NHE8fPX23PwfhnykfqnC2xRxOnVw5XuGIaA=="
"npm","json5","2.2.3","MIT","desarrollo","https://registry.npmjs.org/json5/-/json5-2.2.3.tgz","sha512-XmOWe7eyHYH14cLdVPoyg+GOH3rYX++KpzrylJwSW98t3Nk+U8XOl8FWKOgwtzdb8lXGf6zYwDUzeHMWfxasyg=="
"npm","lru-cache","5.1.1","ISC","desarrollo","https://registry.npmjs.org/lru-cache/-/lru-cache-5.1.1.tgz","sha512-KpNARQA3Iwv+jTA0utUVVbrh+Jlrr1Fv0e56GGzAFOXN7dk/FviaDW8LHmK52DlcH4WP2n6gI8vN1aesBFgo9w=="
"npm","ms","2.1.3","MIT","desarrollo","https://registry.npmjs.org/ms/-/ms-2.1.3.tgz","sha512-6FlzubTLZG3J2a/NVCAleEhjzq5oxgHyaCU9yYXvcLsvoVaHJq/s5xXI6/XXP6tz7R9xAOtHnSO/tXtF3WRTlA=="
"npm","nanoid","3.3.18","MIT","desarrollo","https://registry.npmjs.org/nanoid/-/nanoid-3.3.18.tgz","sha512-DTg4MJbGMWkfi6VZFdNt2/caMbQy4Ou+Op/hJQvGEWcnVfoA1QA+xzRKAzw9jD6+GVOOeYr/mIcuDSdug6F6+w=="
"npm","node-releases","2.0.53","MIT","desarrollo","https://registry.npmjs.org/node-releases/-/node-releases-2.0.53.tgz","sha512-D9UOmYG3UH1V+ENW56t5QXBwJw1YEY18ruVeus89Rw+SyIgjPkCO84bRzO3uNIYosJbNwiabWVn48o3uJLjxFQ=="
"npm","pdfjs-dist","6.3.289","Apache-2.0","frontend; inclusion por verificar","https://registry.npmjs.org/pdfjs-dist/-/pdfjs-dist-6.3.289.tgz","sha512-ZHjSVpDa3D6izMq8/04lvkhkATUmL9px6ChPaXc1k6nU2Mrhlg1/7F0bdUqCwUjw3NsPTfPZsMDUU6ZIcRaeQw=="
"npm","picocolors","1.1.1","ISC","desarrollo","https://registry.npmjs.org/picocolors/-/picocolors-1.1.1.tgz","sha512-xceH2snhtb5M9liqDsmEw56le376mTZkEX/jEb/RxNFyegNul7eNslCXP9FDj/Lcu0X8KEyMceP2ntpaHrDEVA=="
"npm","picomatch","4.0.5","MIT","desarrollo","https://registry.npmjs.org/picomatch/-/picomatch-4.0.5.tgz","sha512-RvwwcruNjI1ncT5xRakeyS9Lf8lcItv34KD+aif+VH9kduAyfYBipGh12274xtenIPZ119/R9BdTBa8gAwSh0A=="
"npm","postcss","8.5.26","MIT","desarrollo","https://registry.npmjs.org/postcss/-/postcss-8.5.26.tgz","sha512-u82N74LFzG8ca+dD8puPnplTXoGH4fTPpVGuIbt36G3qvNlkvfD0lEAZSxaly3KX8TS/L1A1gsCEmvKmBcVbkQ=="
"npm","react","19.2.8","MIT","frontend; inclusion por verificar","https://registry.npmjs.org/react/-/react-19.2.8.tgz","sha512-PWaYA1L/q9u2u7xYQi+Y3L3Yfnie7XyLeaJICV1MGD6LprsBxcAqGjYyr0eY3p+QdsA+x/Irkt4Qif8D63+Sbw=="
"npm","react-dom","19.2.8","MIT","frontend; inclusion por verificar","https://registry.npmjs.org/react-dom/-/react-dom-19.2.8.tgz","sha512-rVprimfGBG3DR+Tq0IQG2DT5PxKth1WIGDmj5yPmlzr4YBe7uyE+Du4oVqTDXZSHGGGXRtTJEGSSePyQCMBglQ=="
"npm","react-refresh","0.17.0","MIT","desarrollo","https://registry.npmjs.org/react-refresh/-/react-refresh-0.17.0.tgz","sha512-z6F7K9bV85EfseRCp2bzrpyQ0Gkw1uLoCel9XBVWPg/TjRj94SkJzUTGfOa4bs7iJvBWtQG0Wq7wnI0syw3EBQ=="
"npm","rollup","4.62.5","MIT","desarrollo","https://registry.npmjs.org/rollup/-/rollup-4.62.5.tgz","sha512-/tqMfgP7GPA3PHhCmuiS4vIjrSVhHLgY++i+dhbG462euyAj7FpM4D9uq1X3BgjlqRdpcOrYhcQtfiQLNc8tqw=="
"npm","scheduler","0.27.0","MIT","frontend; inclusion por verificar","https://registry.npmjs.org/scheduler/-/scheduler-0.27.0.tgz","sha512-eNv+WrVbKu1f3vbYJT/xtiF5syA5HPIMtf9IgY/nKg0sWqzAUEvqY/xm7OcZc/qafLx/iO9FgOmeSAp4v5ti/Q=="
"npm","semver","6.3.1","ISC","desarrollo","https://registry.npmjs.org/semver/-/semver-6.3.1.tgz","sha512-BR7VvDCVHO+q2xBEWskxS6DJE1qRnb7DxzUrogb71CWoSficBxYsiAGd+Kl0mmq/MprG9yArRkyrQxTO6XjMzA=="
"npm","source-map-js","1.2.1","BSD-3-Clause","desarrollo","https://registry.npmjs.org/source-map-js/-/source-map-js-1.2.1.tgz","sha512-UXWMKhLOwVKb728IUtQPXxfYU+usdybtUrK/8uGE8CQMvrhOpwvzDBwj0QhSL7MQc7vIsISBG8VQ8+IDQxpfQA=="
"npm","tinyglobby","0.2.17","MIT","desarrollo","https://registry.npmjs.org/tinyglobby/-/tinyglobby-0.2.17.tgz","sha512-wXR/dYpcqKmfWpEdZjiKJOwCNFndD0DMnrW/cYjVGttEkBfVgcLFHoNrlj47mjOVic9yyNu65alsgF4NQyTa2g=="
"npm","typescript","5.8.3","Apache-2.0","desarrollo","https://registry.npmjs.org/typescript/-/typescript-5.8.3.tgz","sha512-p1diW6TqL9L07nNxvRMM7hMMw4c5XOo/1ibL4aAIGmSAt9slTE1Xgw5KWuof2uTOvCg9BY7ZRi+GaF+7sfgPeQ=="
"npm","update-browserslist-db","1.3.1","MIT","desarrollo","https://registry.npmjs.org/update-browserslist-db/-/update-browserslist-db-1.3.1.tgz","sha512-ZZ61DsRsOnakl74HAmp3oSN4aXUmEWXf+i/yv0h7tIBfICc3VdrFErQKUUKPgu3AMsTUMbcongALEN4l6GSUrQ=="
"npm","vite","7.3.6","MIT","desarrollo","https://registry.npmjs.org/vite/-/vite-7.3.6.tgz","sha512-4XP60spRGjSZFf1qYH+dJIkK2znL3zQfl9KkOV9MkkRR/3Dls0dxaBsQPTloEc5BLXWPL9vsOxopxyKoMmDueg=="
"npm","yallist","3.1.1","ISC","desarrollo","https://registry.npmjs.org/yallist/-/yallist-3.1.1.tgz","sha512-a4UGQaWPH59mOXUYnAG2ewncQS4i4F43Tv3JoAM+s2VDAmS9NsK8GpDMLrCHPksFT7h3K6TOoUNn2pb7RoXx4g=="
"cargo","adler2","2.0.1","0BSD OR MIT OR Apache-2.0","grafo Windows (incluye build/proc-macros)","https://github.com/oyvindln/adler2","320119579fcad9c21884f5c4861d16174d0e06250625266f50fe6898340abefa"
"cargo","aes","0.8.4","MIT OR Apache-2.0","grafo Windows (incluye build/proc-macros)","https://github.com/RustCrypto/block-ciphers","b169f7a6d4742236a0a00c541b845991d0ac43e546831af1249753ab4c3aa3a0"
"cargo","ahash","0.7.8","MIT OR Apache-2.0","grafo Windows (incluye build/proc-macros)","https://github.com/tkaitchuck/ahash","891477e0c6a8957309ee5c45a6368af3ae14bb510732d2684ffa19af310920f9"
"cargo","ahash","0.8.12","MIT OR Apache-2.0","grafo Windows (incluye build/proc-macros)","https://github.com/tkaitchuck/ahash","5a15f179cd60c4584b8a8c596927aadc462e27f2ca70c04e0071964a73ba7a75"
"cargo","aho-corasick","1.1.5","Unlicense OR MIT","grafo Windows (incluye build/proc-macros)","https://github.com/BurntSushi/aho-corasick","c982642fa9e8606056828ee9a8505737230110bb1099153c79efe865c59d12ba"
"cargo","alloc-no-stdlib","2.0.4","BSD-3-Clause","grafo Windows (incluye build/proc-macros)","https://github.com/dropbox/rust-alloc-no-stdlib","cc7bb162ec39d46ab1ca8c77bf72e890535becd1751bb45f64c597edb4c8c6b3"
"cargo","alloc-stdlib","0.2.4","BSD-3-Clause","grafo Windows (incluye build/proc-macros)","https://github.com/dropbox/rust-alloc-no-stdlib","0e76a019e91224d279006ff972f1e984179a6e9feb050adba6ce8274aef23195"
"cargo","allocator-api2","0.2.21","MIT OR Apache-2.0","grafo Windows (incluye build/proc-macros)","https://github.com/zakarumych/allocator-api2","683d7910e743518b0e34f1186f92494becacb047c7b6bf616c96772180fef923"
"cargo","android_system_properties","0.1.6","NOT CACHED","lock multiplataforma; no resuelto para Windows","https://crates.io/crates/android_system_properties/0.1.6","ae221649c9976a6f6c56ae1facf410f3ddb33cc661c4b7b61020a912d4237fbc"
"cargo","anyhow","1.0.104","MIT OR Apache-2.0","grafo Windows (incluye build/proc-macros)","https://github.com/dtolnay/anyhow","330a5ed07fa54e4702c9d6c4174f74427fc0ef6e214bbd677ae50a5099946470"
"cargo","arbitrary","1.4.2","NOT CACHED","lock multiplataforma; no resuelto para Windows","https://crates.io/crates/arbitrary/1.4.2","c3d036a3c4ab069c7b410a2ce876bd74808d2d0888a82667669f8e783a898bf1"
"cargo","arrayvec","0.7.8","MIT OR Apache-2.0","grafo Windows (incluye build/proc-macros)","https://github.com/bluss/arrayvec","d3fb67a6e08acf24fdeccbac2cb6ac4305825bd1f117462e0e6f2f193345ad56"
"cargo","async-broadcast","0.7.2","NOT CACHED","lock multiplataforma; no resuelto para Windows","https://crates.io/crates/async-broadcast/0.7.2","435a87a52755b8f27fcf321ac4f04b2802e337c8c4872923137471ec39c37532"
"cargo","async-channel","2.5.0","NOT CACHED","lock multiplataforma; no resuelto para Windows","https://crates.io/crates/async-channel/2.5.0","924ed96dd52d1b75e9c1a3e6275715fd320f5f9439fb5a4a11fa51f4221158d2"
"cargo","async-executor","1.14.0","NOT CACHED","lock multiplataforma; no resuelto para Windows","https://crates.io/crates/async-executor/1.14.0","c96bf972d85afc50bf5ab8fe2d54d1586b4e0b46c97c50a0c9e71e2f7bcd812a"
"cargo","async-io","2.6.0","NOT CACHED","lock multiplataforma; no resuelto para Windows","https://crates.io/crates/async-io/2.6.0","456b8a8feb6f42d237746d4b3e9a178494627745c3c56c6ea55d92ba50d026fc"
"cargo","async-lock","3.4.2","NOT CACHED","lock multiplataforma; no resuelto para Windows","https://crates.io/crates/async-lock/3.4.2","290f7f2596bd5b78a9fec8088ccd89180d7f9f55b94b0576823bbbdc72ee8311"
"cargo","async-process","2.5.0","NOT CACHED","lock multiplataforma; no resuelto para Windows","https://crates.io/crates/async-process/2.5.0","fc50921ec0055cdd8a16de48773bfeec5c972598674347252c0399676be7da75"
"cargo","async-recursion","1.1.1","NOT CACHED","lock multiplataforma; no resuelto para Windows","https://crates.io/crates/async-recursion/1.1.1","3b43422f69d8ff38f95f1b2bb76517c91589a924d1559a0e935d7c8ce0274c11"
"cargo","async-signal","0.2.14","NOT CACHED","lock multiplataforma; no resuelto para Windows","https://crates.io/crates/async-signal/0.2.14","52b5aaafa020cf5053a01f2a60e8ff5dccf550f0f77ec54a4e47285ac2bab485"
"cargo","async-task","4.7.1","NOT CACHED","lock multiplataforma; no resuelto para Windows","https://crates.io/crates/async-task/4.7.1","8b75356056920673b02621b35afd0f7dda9306d03c79a30f5c56c44cf256e3de"
"cargo","async-trait","0.1.92","NOT CACHED","lock multiplataforma; no resuelto para Windows","https://crates.io/crates/async-trait/0.1.92","82f6aeea286b8eb4dd3431a1be1b59d290ace00f5bfd8e2a159bc2a05e2c1667"
"cargo","atk","0.18.2","NOT CACHED","lock multiplataforma; no resuelto para Windows","https://crates.io/crates/atk/0.18.2","241b621213072e993be4f6f3a9e4b45f65b7e6faad43001be957184b7bb1824b"
"cargo","atk-sys","0.18.2","NOT CACHED","lock multiplataforma; no resuelto para Windows","https://crates.io/crates/atk-sys/0.18.2","c5e48b684b0ca77d2bbadeef17424c2ea3c897d44d566a1617e7e8f30614d086"
"cargo","atoi","2.0.0","MIT","grafo Windows (incluye build/proc-macros)","https://github.com/pacman82/atoi-rs","f28d99ec8bfea296261ca1af174f24225171fea9664ba9003cbebee704810528"
"cargo","atomic-waker","1.1.2","NOT CACHED","lock multiplataforma; no resuelto para Windows","https://crates.io/crates/atomic-waker/1.1.2","1505bd5d3d116872e7271a6d4e16d81d0c8570876c8de68093a09ac269d8aac0"
"cargo","autocfg","1.5.1","Apache-2.0 OR MIT","grafo Windows (incluye build/proc-macros)","https://github.com/cuviper/autocfg","f2032f911046de80f0a198e0901378627c33f59ea0ac00e363d481118bd70a53"
"cargo","base64","0.21.7","NOT CACHED","lock multiplataforma; no resuelto para Windows","https://crates.io/crates/base64/0.21.7","9d297deb1925b89f2ccc13d7635fa0714f12c87adce1c75356b39ca9b7178567"
"cargo","base64","0.22.1","MIT OR Apache-2.0","grafo Windows (incluye build/proc-macros)","https://github.com/marshallpierce/rust-base64","72b3254f16251a8381aa12e40e3c4d2f0199f8c6508fbecb9d91f575e0fbb8c6"
"cargo","base64ct","1.8.3","Apache-2.0 OR MIT","grafo Windows (incluye build/proc-macros)","https://github.com/RustCrypto/formats","2af50177e190e07a26ab74f8b1efbfe2ef87da2116221318cb1c2e82baf7de06"
"cargo","bit-set","0.8.0","Apache-2.0 OR MIT","grafo Windows (incluye build/proc-macros)","https://github.com/contain-rs/bit-set","08807e080ed7f9d5433fa9b275196cfc35414f66a0c79d864dc51a0d825231a3"
"cargo","bit-vec","0.8.0","Apache-2.0 OR MIT","grafo Windows (incluye build/proc-macros)","https://github.com/contain-rs/bit-vec","5e764a1d40d510daf35e07be9eb06e75770908c27d411ee6c92109c9840eaaf7"
"cargo","bitflags","1.3.2","MIT/Apache-2.0","grafo Windows (incluye build/proc-macros)","https://github.com/bitflags/bitflags","bef38d45163c2f1dde094a7dfd33ccf595c92905c8f8f4fdc18d06fb1037718a"
"cargo","bitflags","2.13.1","MIT OR Apache-2.0","grafo Windows (incluye build/proc-macros)","https://github.com/bitflags/bitflags","b588b76d00fde79687d7646a9b5bdf3cc0f655e0bbd080335a95d7e96f3587da"
"cargo","bitvec","1.1.1","MIT","grafo Windows (incluye build/proc-macros)","https://github.com/bitvecto-rs/bitvec","ddcec3d12c579d40898fe0a9a358a803c23e9c52ca3c425707f81c9436211837"
"cargo","block-buffer","0.10.4","MIT OR Apache-2.0","grafo Windows (incluye build/proc-macros)","https://github.com/RustCrypto/utils","3078c7629b62d3f0439517fa394996acacc5cbc91c5a20d8c658e77abd503a71"
"cargo","block2","0.6.2","NOT CACHED","lock multiplataforma; no resuelto para Windows","https://crates.io/crates/block2/0.6.2","cdeb9d870516001442e364c5220d3574d2da8dc765554b4a617230d33fa58ef5"
"cargo","blocking","1.7.0","NOT CACHED","lock multiplataforma; no resuelto para Windows","https://crates.io/crates/blocking/1.7.0","a70e4329df6cb94385eed412ec92375c3cdd8a6e502493d1229b6414e4036dfa"
"cargo","borsh","1.8.0","MIT OR Apache-2.0","grafo Windows (incluye build/proc-macros)","https://github.com/near/borsh-rs","a88b7ea17d208c4193f2c1e6de3c35fe71f98c96982d5ced308bdcc749ff6e1f"
"cargo","borsh-derive","1.8.0","Apache-2.0","grafo Windows (incluye build/proc-macros)","https://github.com/near/borsh-rs","d8f347189c62a579b8cd5f80714efa178f52e461dc2e6d701d264f5ff22e566c"
"cargo","brotli","8.0.4","BSD-3-Clause AND MIT","grafo Windows (incluye build/proc-macros)","https://github.com/dropbox/rust-brotli","5cc91aac060a7a1e25823bdccbfb6af1875b88f17c6daac97894eed8207166b3"
"cargo","brotli-decompressor","5.0.3","BSD-3-Clause/MIT","grafo Windows (incluye build/proc-macros)","https://github.com/dropbox/rust-brotli-decompressor","3a32acac15fe1967bc3986b2a6347dffc965602354ea6f450ad07e8bfd253583"
"cargo","bs58","0.5.1","MIT/Apache-2.0","grafo Windows (incluye build/proc-macros)","https://github.com/Nullus157/bs58-rs","bf88ba1141d185c399bee5288d850d63b8369520c1eafc32a0430b5b6c287bf4"
"cargo","bumpalo","3.20.3","MIT OR Apache-2.0","grafo Windows (incluye build/proc-macros)","https://github.com/fitzgen/bumpalo","72f5acc6cb2ba439de613abc23857ec3d78374d8ed5ac84e9d11336e87da8649"
"cargo","bytecheck","0.6.12","MIT","grafo Windows (incluye build/proc-macros)","https://github.com/djkoloski/bytecheck","23cdc57ce23ac53c931e88a43d06d070a6fd142f2617be5855eb75efc9beb1c2"
"cargo","bytecheck_derive","0.6.12","MIT","grafo Windows (incluye build/proc-macros)","https://github.com/djkoloski/bytecheck","3db406d29fbcd95542e92559bed4d8ad92636d1ca8b3b72ede10b4bcc010e659"
"cargo","bytemuck","1.25.2","NOT CACHED","lock multiplataforma; no resuelto para Windows","https://crates.io/crates/bytemuck/1.25.2","95832e849adfb21180ccb6826a99da14e5d266ae5c2e668e1602cf234f153797"
"cargo","byteorder","1.5.0","Unlicense OR MIT","grafo Windows (incluye build/proc-macros)","https://github.com/BurntSushi/byteorder","1fd0f2584146f6f2ef48085050886acf353beff7305ebd1ae69500e27c67f64b"
"cargo","bytes","1.12.1","MIT","grafo Windows (incluye build/proc-macros)","https://github.com/tokio-rs/bytes","fc652a48c352aef3ea3aed32080501cf3ef6ed5da78602a020c991775b0aff04"
"cargo","bzip2","0.5.2","MIT OR Apache-2.0","grafo Windows (incluye build/proc-macros)","https://github.com/trifectatechfoundation/bzip2-rs","49ecfb22d906f800d4fe833b6282cf4dc1c298f5057ca0b5445e5c209735ca47"
"cargo","bzip2-sys","0.1.13+1.0.8","MIT/Apache-2.0","grafo Windows (incluye build/proc-macros)","https://github.com/alexcrichton/bzip2-rs","225bff33b2141874fe80d71e07d6eec4f85c5c216453dd96388240f96e1acc14"
"cargo","cairo-rs","0.18.5","NOT CACHED","lock multiplataforma; no resuelto para Windows","https://crates.io/crates/cairo-rs/0.18.5","8ca26ef0159422fb77631dc9d17b102f253b876fe1586b03b803e63a309b4ee2"
"cargo","cairo-sys-rs","0.18.2","NOT CACHED","lock multiplataforma; no resuelto para Windows","https://crates.io/crates/cairo-sys-rs/0.18.2","685c9fa8e590b8b3d678873528d83411db17242a73fccaed827770ea0fedda51"
"cargo","camino","1.2.5","MIT OR Apache-2.0","grafo Windows (incluye build/proc-macros)","https://github.com/camino-rs/camino","bb1307f12aa967b5a58416e87b3653360e0fd614a016b6e970db08fecbb1b80d"
"cargo","cargo-platform","0.1.9","MIT OR Apache-2.0","grafo Windows (incluye build/proc-macros)","https://github.com/rust-lang/cargo","e35af189006b9c0f00a064685c727031e3ed2d8020f7ba284d78cc2671bd36ea"
"cargo","cargo_metadata","0.19.2","MIT","grafo Windows (incluye build/proc-macros)","https://github.com/oli-obk/cargo_metadata","dd5eb614ed4c27c5d706420e4320fbe3216ab31fa1c33cd8246ac36dae4479ba"
"cargo","cargo_toml","0.22.3","Apache-2.0 OR MIT","grafo Windows (incluye build/proc-macros)","https://gitlab.com/lib.rs/cargo_toml","374b7c592d9c00c1f4972ea58390ac6b18cbb6ab79011f3bdc90a0b82ca06b77"
"cargo","cc","1.4.4","MIT OR Apache-2.0","grafo Windows (incluye build/proc-macros)","https://github.com/rust-lang/cc-rs","0ad534f4357a5264cce5019c989cf66a4f0dc4e0d1b1d15f8aacec0ff7360273"
"cargo","cesu8","1.1.0","NOT CACHED","lock multiplataforma; no resuelto para Windows","https://crates.io/crates/cesu8/1.1.0","6d43a04d8753f35258c91f8ec639f792891f748a1edbd759cf1dcea3382ad83c"
"cargo","cfb","0.7.3","MIT","grafo Windows (incluye build/proc-macros)","https://github.com/mdsteele/rust-cfb","d38f2da7a0a2c4ccf0065be06397cc26a81f4e528be095826eee9d4adbb8c60f"
"cargo","cfg-expr","0.15.8","NOT CACHED","lock multiplataforma; no resuelto para Windows","https://crates.io/crates/cfg-expr/0.15.8","d067ad48b8650848b989a59a86c6c36a995d02d2bf778d45c3c5d57bc2718f02"
"cargo","cfg-if","1.0.4","MIT OR Apache-2.0","grafo Windows (incluye build/proc-macros)","https://github.com/rust-lang/cfg-if","9330f8b2ff13f34540b44e946ef35111825727b38d33286ef986142615121801"
"cargo","cfg_aliases","0.2.2","MIT","grafo Windows (incluye build/proc-macros)","https://github.com/katharostech/cfg_aliases","f079e83a288787bcd14a6aea84cee5c87a67c5a3e660c30f557a3d24761b3527"
"cargo","chrono","0.4.45","MIT OR Apache-2.0","grafo Windows (incluye build/proc-macros)","https://github.com/chronotope/chrono","1aa79e62e7697b8e29b513a68abacf485adcd1fe8284a4316c5ae868e6633327"
"cargo","cipher","0.4.4","MIT OR Apache-2.0","grafo Windows (incluye build/proc-macros)","https://github.com/RustCrypto/traits","773f3b9af64447d2ce9850330c473515014aa235e6a783b02db81ff39e4a3dad"
"cargo","combine","4.6.7","NOT CACHED","lock multiplataforma; no resuelto para Windows","https://crates.io/crates/combine/4.6.7","ba5a308b75df32fe02788e748662718f03fde005016435c444eea572398219fd"
"cargo","concurrent-queue","2.5.0","NOT CACHED","lock multiplataforma; no resuelto para Windows","https://crates.io/crates/concurrent-queue/2.5.0","4ca0197aee26d1ae37445ee532fefce43251d24cc7c166799f4d46817f1d3973"
"cargo","const-oid","0.9.6","Apache-2.0 OR MIT","grafo Windows (incluye build/proc-macros)","https://github.com/RustCrypto/formats/tree/master/const-oid","c2459377285ad874054d797f3ccebf984978aa39129f6eafde5cdc8315b612f8"
"cargo","constant_time_eq","0.3.1","CC0-1.0 OR MIT-0 OR Apache-2.0","grafo Windows (incluye build/proc-macros)","https://github.com/cesarb/constant_time_eq","7c74b8349d32d297c9134b8c88677813a227df8f779daa29bfc29c183fe3dca6"
"cargo","cookie","0.18.2","MIT OR Apache-2.0","grafo Windows (incluye build/proc-macros)","https://github.com/SergioBenitez/cookie-rs","1a373e3602691c3cdea496d2f0ee5935151e6168fe87739483c463db1b2f2f87"
"cargo","core-foundation","0.10.1","NOT CACHED","lock multiplataforma; no resuelto para Windows","https://crates.io/crates/core-foundation/0.10.1","b2a6cd9ae233e7f62ba4e9353e81a88df7fc8a5987b8d445b4d90c879bd156f6"
"cargo","core-foundation-sys","0.8.7","NOT CACHED","lock multiplataforma; no resuelto para Windows","https://crates.io/crates/core-foundation-sys/0.8.7","773648b94d0e5d620f64f280777445740e61fe701025087ec8b57f45c791888b"
"cargo","core-graphics","0.25.0","NOT CACHED","lock multiplataforma; no resuelto para Windows","https://crates.io/crates/core-graphics/0.25.0","064badf302c3194842cf2c5d61f56cc88e54a759313879cdf03abdd27d0c3b97"
"cargo","core-graphics-types","0.2.0","NOT CACHED","lock multiplataforma; no resuelto para Windows","https://crates.io/crates/core-graphics-types/0.2.0","3d44a101f213f6c4cdc1853d4b78aef6db6bdfa3468798cc1d9912f4735013eb"
"cargo","cpufeatures","0.2.17","MIT OR Apache-2.0","grafo Windows (incluye build/proc-macros)","https://github.com/RustCrypto/utils","59ed5838eebb26a2bb2e58f6d5b5316989ae9d08bab10e0e6d103e656d1b0280"
"cargo","crc","3.4.0","MIT OR Apache-2.0","grafo Windows (incluye build/proc-macros)","https://github.com/mrhooray/crc-rs.git","5eb8a2a1cd12ab0d987a5d5e825195d372001a4094a0376319d5a0ad71c1ba0d"
"cargo","crc-catalog","2.5.0","MIT OR Apache-2.0","grafo Windows (incluye build/proc-macros)","https://github.com/akhilles/crc-catalog.git","217698eaf96b4a3f0bc4f3662aaa55bdf913cd54d7204591faa790070c6d0853"
"cargo","crc32fast","1.5.1","MIT OR Apache-2.0","grafo Windows (incluye build/proc-macros)","https://github.com/srijs/rust-crc32fast","8498c871161e1742aaa9d52551b2d6ebdd4c3d45a3be423e3728f33b955be550"
"cargo","crossbeam-channel","0.5.16","MIT OR Apache-2.0","grafo Windows (incluye build/proc-macros)","https://github.com/crossbeam-rs/crossbeam","d85363c37faeca707aef026efa9f3b34d077bce547e48f770770625c6013679e"
"cargo","crossbeam-queue","0.3.13","MIT OR Apache-2.0","grafo Windows (incluye build/proc-macros)","https://github.com/crossbeam-rs/crossbeam","803d13fb3b09d88be9f4dbc29062c66b19bf7170867ceb746d2a8689bf6c7a26"
"cargo","crossbeam-utils","0.8.22","MIT OR Apache-2.0","grafo Windows (incluye build/proc-macros)","https://github.com/crossbeam-rs/crossbeam","61803da095bee82a81bb1a452ecc25d3b2f1416d1897eb86430c6159ef717c17"
"cargo","crypto-common","0.1.7","MIT OR Apache-2.0","grafo Windows (incluye build/proc-macros)","https://github.com/RustCrypto/traits","78c8292055d1c1df0cce5d180393dc8cce0abec0a7102adb6c7b1eef6016d60a"
"cargo","cssparser","0.36.0","MPL-2.0","grafo Windows (incluye build/proc-macros)","https://github.com/servo/rust-cssparser","dae61cf9c0abb83bd659dab65b7e4e38d8236824c85f0f804f173567bda257d2"
"cargo","cssparser-macros","0.6.1","MPL-2.0","grafo Windows (incluye build/proc-macros)","https://github.com/servo/rust-cssparser","13b588ba4ac1a99f7f2964d24b3d896ddc6bf847ee3855dbd4366f058cfcd331"
"cargo","ctor","0.8.0","Apache-2.0 OR MIT","grafo Windows (incluye build/proc-macros)","https://github.com/mmastrac/rust-ctor","352d39c2f7bef1d6ad73db6f5160efcaed66d94ef8c6c573a8410c00bf909a98"
"cargo","ctor-proc-macro","0.0.7","Apache-2.0 OR MIT","grafo Windows (incluye build/proc-macros)","https://github.com/mmastrac/rust-ctor","52560adf09603e58c9a7ee1fe1dcb95a16927b17c127f0ac02d6e768a0e25bc1"
"cargo","darling","0.23.0","MIT","grafo Windows (incluye build/proc-macros)","https://github.com/TedDriggs/darling","25ae13da2f202d56bd7f91c25fba009e7717a1e4a1cc98a76d844b65ae912e9d"
"cargo","darling_core","0.23.0","MIT","grafo Windows (incluye build/proc-macros)","https://github.com/TedDriggs/darling","9865a50f7c335f53564bb694ef660825eb8610e0a53d3e11bf1b0d3df31e03b0"
"cargo","darling_macro","0.23.0","MIT","grafo Windows (incluye build/proc-macros)","https://github.com/TedDriggs/darling","ac3984ec7bd6cfa798e62b4a642426a5be0e68f9401cfc2a01e3fa9ea2fcdb8d"
"cargo","dbus","0.9.12","NOT CACHED","lock multiplataforma; no resuelto para Windows","https://crates.io/crates/dbus/0.9.12","3ab69f03cc8c4340c9c8e315114e1658e6775a9b16a04357973aa21cec22b32e"
"cargo","deflate64","0.1.12","MIT","grafo Windows (incluye build/proc-macros)","https://github.com/anatawa12/deflate64-rs","ac6b926516df9c60bfa16e107b21086399f8285a44ca9711344b9e553c5146e2"
"cargo","defmt","1.1.1","MIT OR Apache-2.0","grafo Windows (incluye build/proc-macros)","https://github.com/knurling-rs/defmt","e2953bfe4f93bbd20cc71198842756f77d161884c99ebbabc41d80231ded88d1"
"cargo","defmt-macros","1.1.1","MIT OR Apache-2.0","grafo Windows (incluye build/proc-macros)","https://github.com/knurling-rs/defmt","bad9c72e7ca2137e0dc3813245a0d282fd6daad32fd800af018306a9169b5fe8"
"cargo","defmt-parser","1.0.0","MIT OR Apache-2.0","grafo Windows (incluye build/proc-macros)","https://github.com/knurling-rs/defmt","10d60334b3b2e7c9d91ef8150abfb6fa4c1c39ebbcf4a81c2e346aad939fee3e"
"cargo","der","0.7.10","Apache-2.0 OR MIT","grafo Windows (incluye build/proc-macros)","https://github.com/RustCrypto/formats/tree/master/der","e7c1832837b905bbfb5101e07cc24c8deddf52f93225eee6ead5f4d63d53ddcb"
"cargo","deranged","0.5.8","MIT OR Apache-2.0","grafo Windows (incluye build/proc-macros)","https://github.com/jhpratt/deranged","7cd812cc2bc1d69d4764bd80df88b4317eaef9e773c75226407d9bc0876b211c"
"cargo","derive_arbitrary","1.4.2","NOT CACHED","lock multiplataforma; no resuelto para Windows","https://crates.io/crates/derive_arbitrary/1.4.2","1e567bd82dcff979e4b03460c307b3cdc9e96fde3d73bed1496d2bc75d9dd62a"
"cargo","derive_more","2.1.1","MIT","grafo Windows (incluye build/proc-macros)","https://github.com/JelteF/derive_more","d751e9e49156b02b44f9c1815bcb94b984cdcc4396ecc32521c739452808b134"
"cargo","derive_more-impl","2.1.1","MIT","grafo Windows (incluye build/proc-macros)","https://github.com/JelteF/derive_more","799a97264921d8623a957f6c3b9011f3b5492f557bbb7a5a19b7fa6d06ba8dcb"
"cargo","digest","0.10.7","MIT OR Apache-2.0","grafo Windows (incluye build/proc-macros)","https://github.com/RustCrypto/traits","9ed9a281f7bc9b7576e61468ba615a66a5c8cfdff42420a70aa82701a3b1e292"
"cargo","dirs","6.0.0","MIT OR Apache-2.0","grafo Windows (incluye build/proc-macros)","https://github.com/soc/dirs-rs","c3e8aa94d75141228480295a7d0e7feb620b1a5ad9f12bc40be62411e38cce4e"
"cargo","dirs-sys","0.5.0","MIT OR Apache-2.0","grafo Windows (incluye build/proc-macros)","https://github.com/dirs-dev/dirs-sys-rs","e01a3366d27ee9890022452ee61b2b63a67e6f13f58900b651ff5665f0bb1fab"
"cargo","dispatch2","0.3.1","NOT CACHED","lock multiplataforma; no resuelto para Windows","https://crates.io/crates/dispatch2/0.3.1","1e0e367e4e7da84520dedcac1901e4da967309406d1e51017ae1abfb97adbd38"
"cargo","displaydoc","0.2.7","MIT OR Apache-2.0","grafo Windows (incluye build/proc-macros)","https://github.com/yaahc/displaydoc","c6232dd377dcc64799954cbd3a9bb882e9cdc1308ccd87b1c098f1fb2eaf82a8"
"cargo","dlopen2","0.8.2","NOT CACHED","lock multiplataforma; no resuelto para Windows","https://crates.io/crates/dlopen2/0.8.2","5e2c5bd4158e66d1e215c49b837e11d62f3267b30c92f1d171c4d3105e3dc4d4"
"cargo","dlopen2_derive","0.4.3","NOT CACHED","lock multiplataforma; no resuelto para Windows","https://crates.io/crates/dlopen2_derive/0.4.3","0fbbb781877580993a8707ec48672673ec7b81eeba04cfd2310bd28c08e47c8f"
"cargo","dom_query","0.27.0","MIT","grafo Windows (incluye build/proc-macros)","https://github.com/niklak/dom_query","521e380c0c8afb8d9a1e83a1822ee03556fc3e3e7dbc1fd30be14e37f9cb3f89"
"cargo","dotenvy","0.15.7","MIT","grafo Windows (incluye build/proc-macros)","https://github.com/allan2/dotenvy","1aaf95b3e5c8f23aa320147307562d361db0ae0d51242340f558153b4eb2439b"
"cargo","dpi","0.1.2","Apache-2.0 AND MIT","grafo Windows (incluye build/proc-macros)","https://github.com/rust-windowing/winit","d8b14ccef22fc6f5a8f4d7d768562a182c04ce9a3b3157b91390b52ddfdf1a76"
"cargo","dtoa","1.0.11","MIT OR Apache-2.0","grafo Windows (incluye build/proc-macros)","https://github.com/dtolnay/dtoa","4c3cf4824e2d5f025c7b531afcb2325364084a16806f6d47fbc1f5fbd9960590"
"cargo","dtoa-short","0.3.5","MPL-2.0","grafo Windows (incluye build/proc-macros)","https://github.com/upsuper/dtoa-short","cd1511a7b6a56299bd043a9c167a6d2bfb37bf84a6dfceaba651168adfb43c87"
"cargo","dtor","0.3.0","Apache-2.0 OR MIT","grafo Windows (incluye build/proc-macros)","https://github.com/mmastrac/rust-ctor","f1057d6c64987086ff8ed0fd3fbf377a6b7d205cc7715868cd401705f715cbe4"
"cargo","dtor-proc-macro","0.0.6","Apache-2.0 OR MIT","grafo Windows (incluye build/proc-macros)","https://github.com/mmastrac/rust-ctor","f678cf4a922c215c63e0de95eb1ff08a958a81d47e485cf9da1e27bf6305cfa5"
"cargo","dunce","1.0.5","CC0-1.0 OR MIT-0 OR Apache-2.0","grafo Windows (incluye build/proc-macros)","https://gitlab.com/kornelski/dunce","92773504d58c093f6de2459af4af33faa518c13451eb8f2b5698ed3d36e7c813"
"cargo","dyn-clone","1.0.20","MIT OR Apache-2.0","grafo Windows (incluye build/proc-macros)","https://github.com/dtolnay/dyn-clone","d0881ea181b1df73ff77ffaaf9c7544ecc11e82fba9b5f27b262a3c73a332555"
"cargo","either","1.18.0","MIT OR Apache-2.0","grafo Windows (incluye build/proc-macros)","https://github.com/rayon-rs/either","252afb9ae5eaa683babdc6a068b3f5726eb19e05070c731f9b2a23a7c3e8ed34"
"cargo","embed-resource","3.0.11","MIT","grafo Windows (incluye build/proc-macros)","https://github.com/nabijaczleweli/rust-embed-resource","fbfdaacccebec3b28e4866b8973543c7647797db5ada1bdab552e48fe665fbbd"
"cargo","embed_plist","1.2.2","NOT CACHED","lock multiplataforma; no resuelto para Windows","https://crates.io/crates/embed_plist/1.2.2","4ef6b89e5b37196644d8796de5268852ff179b44e96276cf4290264843743bb7"
"cargo","endi","1.1.1","NOT CACHED","lock multiplataforma; no resuelto para Windows","https://crates.io/crates/endi/1.1.1","66b7e2430c6dff6a955451e2cfc438f09cea1965a9d6f87f7e3b90decc014099"
"cargo","enumflags2","0.7.12","NOT CACHED","lock multiplataforma; no resuelto para Windows","https://crates.io/crates/enumflags2/0.7.12","1027f7680c853e056ebcec683615fb6fbbc07dbaa13b4d5d9442b146ded4ecef"
"cargo","enumflags2_derive","0.7.12","NOT CACHED","lock multiplataforma; no resuelto para Windows","https://crates.io/crates/enumflags2_derive/0.7.12","67c78a4d8fdf9953a5c9d458f9efe940fd97a0cab0941c075a813ac594733827"
"cargo","equivalent","1.0.2","Apache-2.0 OR MIT","grafo Windows (incluye build/proc-macros)","https://github.com/indexmap-rs/equivalent","877a4ace8713b0bcf2a4e7eec82529c029f1d0619886d18145fea96c3ffe5c0f"
"cargo","erased-serde","0.4.10","MIT OR Apache-2.0","grafo Windows (incluye build/proc-macros)","https://github.com/dtolnay/erased-serde","d2add8a07dd6a8d93ff627029c51de145e12686fbc36ecb298ac22e74cf02dec"
"cargo","errno","0.3.14","NOT CACHED","lock multiplataforma; no resuelto para Windows","https://crates.io/crates/errno/0.3.14","39cab71617ae0d63f51a36d69f866391735b51691dbda63cf6f96d042b63efeb"
"cargo","etcetera","0.8.0","MIT OR Apache-2.0","grafo Windows (incluye build/proc-macros)","https://github.com/lunacookies/etcetera","136d1b5283a1ab77bd9257427ffd09d8667ced0570b6f938942bc7568ed5b943"
"cargo","event-listener","5.4.2","Apache-2.0 OR MIT","grafo Windows (incluye build/proc-macros)","https://github.com/smol-rs/event-listener","5a23add41df1562121a9393cb065eab5146a1242410f23a644851e90cfd669d2"
"cargo","event-listener-strategy","0.5.4","NOT CACHED","lock multiplataforma; no resuelto para Windows","https://crates.io/crates/event-listener-strategy/0.5.4","8be9f3dfaaffdae2972880079a491a1a8bb7cbed0b8dd7a347f668b4150a3b93"
"cargo","fallible-iterator","0.3.0","MIT/Apache-2.0","grafo Windows (incluye build/proc-macros)","https://github.com/sfackler/rust-fallible-iterator","2acce4a10f12dc2fb14a218589d4f1f62ef011b2d0cc4b3cb1bba8e94da14649"
"cargo","fallible-streaming-iterator","0.1.9","MIT/Apache-2.0","grafo Windows (incluye build/proc-macros)","https://github.com/sfackler/fallible-streaming-iterator","7360491ce676a36bf9bb3c56c1aa791658183a54d2744120f27285738d90465a"
"cargo","fastrand","2.5.0","Apache-2.0 OR MIT","grafo Windows (incluye build/proc-macros)","https://github.com/smol-rs/fastrand","da7c62ceae207dd37ea5b845da6a0696c799f85e97da1ab5b7910be3c1c80223"
"cargo","fdeflate","0.3.7","MIT OR Apache-2.0","grafo Windows (incluye build/proc-macros)","https://github.com/image-rs/fdeflate","1e6853b52649d4ac5c0bd02320cddc5ba956bdb407c4b75a2c6b75bf51500f8c"
"cargo","field-offset","0.3.6","NOT CACHED","lock multiplataforma; no resuelto para Windows","https://crates.io/crates/field-offset/0.3.6","38e2275cc4e4fc009b0669731a1e5ab7ebf11f469eaede2bab9309a5b4d6057f"
"cargo","find-msvc-tools","0.1.11","MIT OR Apache-2.0","grafo Windows (incluye build/proc-macros)","https://github.com/rust-lang/cc-rs","d45db016d36b838f563236e9193d0ee6ce38f3f68b6c94e914b4929c96bbb890"
"cargo","flate2","1.1.9","MIT OR Apache-2.0","grafo Windows (incluye build/proc-macros)","https://github.com/rust-lang/flate2-rs","843fba2746e448b37e26a819579957415c8cef339bf08564fe8b7ddbd959573c"
"cargo","flume","0.11.1","Apache-2.0/MIT","grafo Windows (incluye build/proc-macros)","https://github.com/zesterer/flume","da0e4dd2a88388a1f4ccc7c9ce104604dab68d9f408dc34cd45823d5a9069095"
"cargo","fnv","1.0.7","Apache-2.0 / MIT","grafo Windows (incluye build/proc-macros)","https://github.com/servo/rust-fnv","3f9eec918d3f24069decb9af1554cad7c880e2da24a9afd88aca000531ab82c1"
"cargo","foldhash","0.1.5","Zlib","grafo Windows (incluye build/proc-macros)","https://github.com/orlp/foldhash","d9c4f5dac5e15c24eb999c26181a6ca40b39fe946cbe4c263c7209467bc83af2"
"cargo","foldhash","0.2.0","Zlib","grafo Windows (incluye build/proc-macros)","https://github.com/orlp/foldhash","77ce24cb58228fbb8aa041425bb1050850ac19177686ea6e0f41a70416f56fdb"
"cargo","foreign-types","0.5.0","NOT CACHED","lock multiplataforma; no resuelto para Windows","https://crates.io/crates/foreign-types/0.5.0","d737d9aa519fb7b749cbc3b962edcf310a8dd1f4b67c91c4f83975dbdd17d965"
"cargo","foreign-types-macros","0.2.4","NOT CACHED","lock multiplataforma; no resuelto para Windows","https://crates.io/crates/foreign-types-macros/0.2.4","ea5190182e6915eb873ddbc16e23b711b6eb1f9c00a0d0a3a91b5f6228475225"
"cargo","foreign-types-shared","0.3.1","NOT CACHED","lock multiplataforma; no resuelto para Windows","https://crates.io/crates/foreign-types-shared/0.3.1","aa9a19cbb55df58761df49b23516a86d432839add4af60fc256da840f66ed35b"
"cargo","form_urlencoded","1.2.2","MIT OR Apache-2.0","grafo Windows (incluye build/proc-macros)","https://github.com/servo/rust-url","cb4cb245038516f5f85277875cdaa4f7d2c9a0fa0468de06ed190163b1581fcf"
"cargo","funty","2.0.0","MIT","grafo Windows (incluye build/proc-macros)","https://github.com/myrrlyn/funty","e6d5a32815ae3f33302d95fdcb2ce17862f8c65363dcfd29360480ba1001fc9c"
"cargo","futures-channel","0.3.34","MIT OR Apache-2.0","grafo Windows (incluye build/proc-macros)","https://github.com/rust-lang/futures-rs","b1f9e3d69d39e4862ffed03ed071a76f9a13ba1d9109d355b0f0aa6b15e393c4"
"cargo","futures-core","0.3.34","MIT OR Apache-2.0","grafo Windows (incluye build/proc-macros)","https://github.com/rust-lang/futures-rs","92d699e522242e69e3003b94ecc1f960f3a5e015aa7c5d7486e65ad01dd94f5e"
"cargo","futures-executor","0.3.34","MIT OR Apache-2.0","grafo Windows (incluye build/proc-macros)","https://github.com/rust-lang/futures-rs","031b47cf1a3c6cc8bc2fc76cd437f521619387907d469316e7c0bc278f1f5432"
"cargo","futures-intrusive","0.5.0","MIT OR Apache-2.0","grafo Windows (incluye build/proc-macros)","https://github.com/Matthias247/futures-intrusive","1d930c203dd0b6ff06e0201a4a2fe9149b43c684fd4420555b26d21b1a02956f"
"cargo","futures-io","0.3.34","MIT OR Apache-2.0","grafo Windows (incluye build/proc-macros)","https://github.com/rust-lang/futures-rs","53c0fa8157de1303bfffdaa1cc2a673bfffb60102f76b0ef4441659124373fed"
"cargo","futures-lite","2.6.1","NOT CACHED","lock multiplataforma; no resuelto para Windows","https://crates.io/crates/futures-lite/2.6.1","f78e10609fe0e0b3f4157ffab1876319b5b0db102a2c60dc4626306dc46b44ad"
"cargo","futures-macro","0.3.34","MIT OR Apache-2.0","grafo Windows (incluye build/proc-macros)","https://github.com/rust-lang/futures-rs","9fb9654ba8355388abeb8dcb4fc62f511300867002afc858860463bdd9fe0c44"
"cargo","futures-sink","0.3.34","MIT OR Apache-2.0","grafo Windows (incluye build/proc-macros)","https://github.com/rust-lang/futures-rs","1944426bf7d03f1d14f708785e4b33efd750b36d48a157b836b3efc15ede8e1d"
"cargo","futures-task","0.3.34","MIT OR Apache-2.0","grafo Windows (incluye build/proc-macros)","https://github.com/rust-lang/futures-rs","cd417de3d1d015fc3bfd2b1ea46dfc7bab72ef86f1cc7cc9c78e728b34a6d1fd"
"cargo","futures-util","0.3.34","MIT OR Apache-2.0","grafo Windows (incluye build/proc-macros)","https://github.com/rust-lang/futures-rs","0d50a92467f8ba5dd6e3ee5d4bd04d73ab2e4e1c44474a0674821dfce14b79bc"
"cargo","gdk","0.18.2","NOT CACHED","lock multiplataforma; no resuelto para Windows","https://crates.io/crates/gdk/0.18.2","d9f245958c627ac99d8e529166f9823fb3b838d1d41fd2b297af3075093c2691"
"cargo","gdk-pixbuf","0.18.5","NOT CACHED","lock multiplataforma; no resuelto para Windows","https://crates.io/crates/gdk-pixbuf/0.18.5","50e1f5f1b0bfb830d6ccc8066d18db35c487b1b2b1e8589b5dfe9f07e8defaec"
"cargo","gdk-pixbuf-sys","0.18.0","NOT CACHED","lock multiplataforma; no resuelto para Windows","https://crates.io/crates/gdk-pixbuf-sys/0.18.0","3f9839ea644ed9c97a34d129ad56d38a25e6756f99f3a88e15cd39c20629caf7"
"cargo","gdk-sys","0.18.2","NOT CACHED","lock multiplataforma; no resuelto para Windows","https://crates.io/crates/gdk-sys/0.18.2","5c2d13f38594ac1e66619e188c6d5a1adb98d11b2fcf7894fc416ad76aa2f3f7"
"cargo","gdkwayland-sys","0.18.2","NOT CACHED","lock multiplataforma; no resuelto para Windows","https://crates.io/crates/gdkwayland-sys/0.18.2","140071d506d223f7572b9f09b5e155afbd77428cd5cc7af8f2694c41d98dfe69"
"cargo","gdkx11","0.18.2","NOT CACHED","lock multiplataforma; no resuelto para Windows","https://crates.io/crates/gdkx11/0.18.2","3caa00e14351bebbc8183b3c36690327eb77c49abc2268dd4bd36b856db3fbfe"
"cargo","gdkx11-sys","0.18.2","NOT CACHED","lock multiplataforma; no resuelto para Windows","https://crates.io/crates/gdkx11-sys/0.18.2","6e2e7445fe01ac26f11601db260dd8608fe172514eb63b3b5e261ea6b0f4428d"
"cargo","generic-array","0.14.7","MIT","grafo Windows (incluye build/proc-macros)","https://github.com/fizyk20/generic-array.git","85649ca51fd72272d7821adaf274ad91c288277713d9c18820d8499a7ff69e9a"
"cargo","getrandom","0.2.17","MIT OR Apache-2.0","grafo Windows (incluye build/proc-macros)","https://github.com/rust-random/getrandom","ff2abc00be7fca6ebc474524697ae276ad847ad0a6b3faa4bcb027e9a4614ad0"
"cargo","getrandom","0.3.4","MIT OR Apache-2.0","grafo Windows (incluye build/proc-macros)","https://github.com/rust-random/getrandom","899def5c37c4fd7b2664648c28120ecec138e4d395b459e5ca34f9cce2dd77fd"
"cargo","getrandom","0.4.3","MIT OR Apache-2.0","grafo Windows (incluye build/proc-macros)","https://github.com/rust-random/getrandom","300e883d756b2e4ec94e02791f39b04b522276138852cfc41d9fb7e904106099"
"cargo","gio","0.18.4","NOT CACHED","lock multiplataforma; no resuelto para Windows","https://crates.io/crates/gio/0.18.4","d4fc8f532f87b79cbc51a79748f16a6828fb784be93145a322fa14d06d354c73"
"cargo","gio-sys","0.18.1","NOT CACHED","lock multiplataforma; no resuelto para Windows","https://crates.io/crates/gio-sys/0.18.1","37566df850baf5e4cb0dfb78af2e4b9898d817ed9263d1090a2df958c64737d2"
"cargo","glib","0.18.5","NOT CACHED","lock multiplataforma; no resuelto para Windows","https://crates.io/crates/glib/0.18.5","233daaf6e83ae6a12a52055f568f9d7cf4671dabb78ff9560ab6da230ce00ee5"
"cargo","glib-macros","0.18.5","NOT CACHED","lock multiplataforma; no resuelto para Windows","https://crates.io/crates/glib-macros/0.18.5","0bb0228f477c0900c880fd78c8759b95c7636dbd7842707f49e132378aa2acdc"
"cargo","glib-sys","0.18.1","NOT CACHED","lock multiplataforma; no resuelto para Windows","https://crates.io/crates/glib-sys/0.18.1","063ce2eb6a8d0ea93d2bf8ba1957e78dbab6be1c2220dd3daca57d5a9d869898"
"cargo","glob","0.3.4","MIT OR Apache-2.0","grafo Windows (incluye build/proc-macros)","https://github.com/rust-lang/glob","e4eba85ea1d0a966a983acd07deee566e67395d2d96b6fb39e62b5a833f1eb0b"
"cargo","gobject-sys","0.18.0","NOT CACHED","lock multiplataforma; no resuelto para Windows","https://crates.io/crates/gobject-sys/0.18.0","0850127b514d1c4a4654ead6dedadb18198999985908e6ffe4436f53c785ce44"
"cargo","gtk","0.18.2","NOT CACHED","lock multiplataforma; no resuelto para Windows","https://crates.io/crates/gtk/0.18.2","fd56fb197bfc42bd5d2751f4f017d44ff59fbb58140c6b49f9b3b2bdab08506a"
"cargo","gtk-sys","0.18.2","NOT CACHED","lock multiplataforma; no resuelto para Windows","https://crates.io/crates/gtk-sys/0.18.2","8f29a1c21c59553eb7dd40e918be54dccd60c52b049b75119d5d96ce6b624414"
"cargo","gtk3-macros","0.18.2","NOT CACHED","lock multiplataforma; no resuelto para Windows","https://crates.io/crates/gtk3-macros/0.18.2","52ff3c5b21f14f0736fed6dcfc0bfb4225ebf5725f3c0209edeec181e4d73e9d"
"cargo","hashbrown","0.12.3","MIT OR Apache-2.0","grafo Windows (incluye build/proc-macros)","https://github.com/rust-lang/hashbrown","8a9ee70c43aaf417c914396645a0fa852624801b24ebb7ae78fe8272889ac888"
"cargo","hashbrown","0.14.5","MIT OR Apache-2.0","grafo Windows (incluye build/proc-macros)","https://github.com/rust-lang/hashbrown","e5274423e17b7c9fc20b6e7e208532f9b19825d82dfd615708b70edd83df41f1"
"cargo","hashbrown","0.15.5","MIT OR Apache-2.0","grafo Windows (incluye build/proc-macros)","https://github.com/rust-lang/hashbrown","9229cfe53dfd69f0609a49f65461bd93001ea1ef889cd5529dd176593f5338a1"
"cargo","hashbrown","0.17.1","MIT OR Apache-2.0","grafo Windows (incluye build/proc-macros)","https://github.com/rust-lang/hashbrown","ed5909b6e89a2db4456e54cd5f673791d7eca6732202bbf2a9cc504fe2f9b84a"
"cargo","hashlink","0.9.1","MIT OR Apache-2.0","grafo Windows (incluye build/proc-macros)","https://github.com/kyren/hashlink","6ba4ff7128dee98c7dc9794b6a411377e1404dba1c97deb8d1a55297bd25d8af"
"cargo","hashlink","0.10.0","MIT OR Apache-2.0","grafo Windows (incluye build/proc-macros)","https://github.com/kyren/hashlink","7382cf6263419f2d8df38c55d7da83da5c18aef87fc7a7fc1fb1e344edfe14c1"
"cargo","heck","0.4.1","NOT CACHED","lock multiplataforma; no resuelto para Windows","https://crates.io/crates/heck/0.4.1","95505c38b4572b2d910cecb0281560f54b440a19336cbbcb27bf6ce6adc6f5a8"
"cargo","heck","0.5.0","MIT OR Apache-2.0","grafo Windows (incluye build/proc-macros)","https://github.com/withoutboats/heck","2304e00983f87ffb38b55b444b5e3b60a884b5d30c0fca7d82fe33449bbe55ea"
"cargo","hermit-abi","0.5.2","NOT CACHED","lock multiplataforma; no resuelto para Windows","https://crates.io/crates/hermit-abi/0.5.2","fc0fef456e4baa96da950455cd02c081ca953b141298e41db3fc7e36b1da849c"
"cargo","hex","0.4.3","MIT OR Apache-2.0","grafo Windows (incluye build/proc-macros)","https://github.com/KokaKiwi/rust-hex","7f24254aa9a54b5c858eaee2f5bccdb46aaf0e486a595ed5fd8f86ba55232a70"
"cargo","hisfuture","0.1.0","Matias Escobedo, persona natural; PolyForm Noncommercial 1.0.0 OR PolyForm Small Business 1.0.0 seleccionadas en Legal V0.1","grafo Windows (incluye build/proc-macros)","repositorio local HIS",""
"cargo","hkdf","0.12.4","MIT OR Apache-2.0","grafo Windows (incluye build/proc-macros)","https://github.com/RustCrypto/KDFs/","7b5f8eb2ad728638ea2c7d47a21db23b7b58a72ed6a38256b8a1849f15fbbdf7"
"cargo","hmac","0.12.1","MIT OR Apache-2.0","grafo Windows (incluye build/proc-macros)","https://github.com/RustCrypto/MACs","6c49c37c09c17a53d937dfbb742eb3a961d65a994e6bcdcf37e7399d0cc8ab5e"
"cargo","home","0.5.12","MIT OR Apache-2.0","grafo Windows (incluye build/proc-macros)","https://github.com/rust-lang/cargo","cc627f471c528ff0c4a49e1d5e60450c8f6461dd6d10ba9dcd3a61d3dff7728d"
"cargo","html5ever","0.38.0","MIT OR Apache-2.0","grafo Windows (incluye build/proc-macros)","https://github.com/servo/html5ever","1054432bae2f14e0061e33d23402fbaa67a921d319d56adc6bcf887ddad1cbc2"
"cargo","http","1.5.0","MIT OR Apache-2.0","grafo Windows (incluye build/proc-macros)","https://github.com/hyperium/http","918d3568bebf352712bc2ef3d46a8bcf1a75b373be6539de198e9105cbbf9ce0"
"cargo","http-body","1.1.0","NOT CACHED","lock multiplataforma; no resuelto para Windows","https://crates.io/crates/http-body/1.1.0","ca2a8f2913ee65f60facd6a5905613afaa448497a0230cc41ce022d93290bc2c"
"cargo","http-body-util","0.1.5","NOT CACHED","lock multiplataforma; no resuelto para Windows","https://crates.io/crates/http-body-util/0.1.5","23169fe34a5fbcdd3f3862e78fb9b6fccd5f02a6dc6f732547005d45631ce71c"
"cargo","httparse","1.10.1","NOT CACHED","lock multiplataforma; no resuelto para Windows","https://crates.io/crates/httparse/1.10.1","6dbf3de79e51f3d586ab4cb9d5c3e2c14aa28ed23d180cf89b4df0454a69cc87"
"cargo","hyper","1.11.0","NOT CACHED","lock multiplataforma; no resuelto para Windows","https://crates.io/crates/hyper/1.11.0","d22053281f852e11534f5198498373cbb59295120a20771d90f7ed1897490a72"
"cargo","hyper-util","0.1.20","NOT CACHED","lock multiplataforma; no resuelto para Windows","https://crates.io/crates/hyper-util/0.1.20","96547c2556ec9d12fb1578c4eaf448b04993e7fb79cbaad930a656880a6bdfa0"
"cargo","iana-time-zone","0.1.65","NOT CACHED","lock multiplataforma; no resuelto para Windows","https://crates.io/crates/iana-time-zone/0.1.65","e31bc9ad994ba00e440a8aa5c9ef0ec67d5cb5e5cb0cc7f8b744a35b389cc470"
"cargo","iana-time-zone-haiku","0.1.2","NOT CACHED","lock multiplataforma; no resuelto para Windows","https://crates.io/crates/iana-time-zone-haiku/0.1.2","f31827a206f56af32e590ba56d5d2d085f558508192593743f16b2306495269f"
"cargo","ico","0.5.0","MIT","grafo Windows (incluye build/proc-macros)","https://github.com/mdsteele/rust-ico","3e795dff5605e0f04bff85ca41b51a96b83e80b281e96231bcaaf1ac35103371"
"cargo","icu_collections","2.3.0","Unicode-3.0","grafo Windows (incluye build/proc-macros)","https://github.com/unicode-org/icu4x","fa68d21081c4a05d5a901a1c62add574c77048b6a1c67be3b50ce0b60d4ca513"
"cargo","icu_locale_core","2.3.0","Unicode-3.0","grafo Windows (incluye build/proc-macros)","https://github.com/unicode-org/icu4x","d56e28588da92eee5c3201a6eff33fabdd49b62269c8938d4ff050ce4d900deb"
"cargo","icu_normalizer","2.3.0","Unicode-3.0","grafo Windows (incluye build/proc-macros)","https://github.com/unicode-org/icu4x","12f9cf5f235641ed274641dd81c3f28d870e276763d0797aeeab72317b1c646f"
"cargo","icu_normalizer_data","2.3.0","Unicode-3.0","grafo Windows (incluye build/proc-macros)","https://github.com/unicode-org/icu4x","1563da1ed3e0b3bf3d74c9b85917ac9c56464d2f57242270c09c9e752f8021a0"
"cargo","icu_properties","2.3.0","Unicode-3.0","grafo Windows (incluye build/proc-macros)","https://github.com/unicode-org/icu4x","7e7ca276ad3145661a65914e6daf131ca5120cd3dcee8f8f3214b8875184a148"
"cargo","icu_properties_data","2.3.0","Unicode-3.0","grafo Windows (incluye build/proc-macros)","https://github.com/unicode-org/icu4x","e590f038c1464a96894fd6d10127e90a8be4509f56ff7ecef851b15cee0b7caa"
"cargo","icu_provider","2.3.1","Unicode-3.0","grafo Windows (incluye build/proc-macros)","https://github.com/unicode-org/icu4x","d27bbb9d3abbefac45d55f647c9de1d44aafcd1186eb91879afef17c396c3e73"
"cargo","ident_case","1.0.1","MIT/Apache-2.0","grafo Windows (incluye build/proc-macros)","https://github.com/TedDriggs/ident_case","b9e0384b61958566e926dc50660321d12159025e767c18e043daf26b70104c39"
"cargo","idna","1.1.0","MIT OR Apache-2.0","grafo Windows (incluye build/proc-macros)","https://github.com/servo/rust-url/","3b0875f23caa03898994f6ddc501886a45c7d3d62d04d2d90788d47be1b1e4de"
"cargo","idna_adapter","1.2.2","Apache-2.0 OR MIT","grafo Windows (incluye build/proc-macros)","https://github.com/hsivonen/idna_adapter","cb68373c0d6620ef8105e855e7745e18b0d00d3bdb07fb532e434244cdb9a714"
"cargo","indexmap","1.9.3","Apache-2.0 OR MIT","grafo Windows (incluye build/proc-macros)","https://github.com/bluss/indexmap","bd070e393353796e801d209ad339e89596eb4c8d430d18ede6a1cced8fafbd99"
"cargo","indexmap","2.14.0","Apache-2.0 OR MIT","grafo Windows (incluye build/proc-macros)","https://github.com/indexmap-rs/indexmap","d466e9454f08e4a911e14806c24e16fba1b4c121d1ea474396f396069cf949d9"
"cargo","infer","0.19.0","MIT","grafo Windows (incluye build/proc-macros)","https://github.com/bojand/infer","a588916bfdfd92e71cacef98a63d9b1f0d74d6599980d11894290e7ddefffcf7"
"cargo","inout","0.1.4","MIT OR Apache-2.0","grafo Windows (incluye build/proc-macros)","https://github.com/RustCrypto/utils","879f10e63c20629ecabbb64a8010319738c66a5cd0c29b02d63d272b03751d01"
"cargo","ipnet","2.12.1","NOT CACHED","lock multiplataforma; no resuelto para Windows","https://crates.io/crates/ipnet/2.12.1","6a756c3fac73139e83f14c2d742155dd2b78d3ee56597b419a0579b7bdd6dd78"
"cargo","is-docker","0.2.0","NOT CACHED","lock multiplataforma; no resuelto para Windows","https://crates.io/crates/is-docker/0.2.0","928bae27f42bc99b60d9ac7334e3a21d10ad8f1835a4e12ec3ec0464765ed1b3"
"cargo","is-wsl","0.4.0","NOT CACHED","lock multiplataforma; no resuelto para Windows","https://crates.io/crates/is-wsl/0.4.0","173609498df190136aa7dea1a91db051746d339e18476eed5ca40521f02d7aa5"
"cargo","itoa","1.0.18","MIT OR Apache-2.0","grafo Windows (incluye build/proc-macros)","https://github.com/dtolnay/itoa","8f42a60cbdf9a97f5d2305f08a87dc4e09308d1276d28c869c684d7777685682"
"cargo","javascriptcore-rs","1.1.2","NOT CACHED","lock multiplataforma; no resuelto para Windows","https://crates.io/crates/javascriptcore-rs/1.1.2","ca5671e9ffce8ffba57afc24070e906da7fc4b1ba66f2cabebf61bf2ea257fcc"
"cargo","javascriptcore-rs-sys","1.1.1","NOT CACHED","lock multiplataforma; no resuelto para Windows","https://crates.io/crates/javascriptcore-rs-sys/1.1.1","af1be78d14ffa4b75b66df31840478fef72b51f8c2465d4ca7c194da9f7a5124"
"cargo","jiff","0.2.35","Unlicense OR MIT","grafo Windows (incluye build/proc-macros)","https://github.com/BurntSushi/jiff","668b7183bd07af9a4885f5c35b0cc5c83c4607a913c16b7e17291832910d2dcc"
"cargo","jiff-core","0.1.0","Unlicense OR MIT","grafo Windows (incluye build/proc-macros)","https://github.com/BurntSushi/jiff","7feca88439efe53da3754500c1851dedf3cb36c524dd5cf8225cc0794de95d09"
"cargo","jiff-static","0.2.35","NOT CACHED","lock multiplataforma; no resuelto para Windows","https://crates.io/crates/jiff-static/0.2.35","3a69dcb3a21cfb32ce1cd056169337ca284af0766dd766e7878819b251a49204"
"cargo","jiff-tzdb","0.1.8","Unlicense OR MIT","grafo Windows (incluye build/proc-macros)","https://github.com/BurntSushi/jiff","142bd39932ad231f10513df9ab62661fead8719872150b7ad02a2df79f4e141e"
"cargo","jiff-tzdb-platform","0.1.3","Unlicense OR MIT","grafo Windows (incluye build/proc-macros)","https://github.com/BurntSushi/jiff","875a5a69ac2bab1a891711cf5eccbec1ce0341ea805560dcd90b7a2e925132e8"
"cargo","jni","0.21.1","NOT CACHED","lock multiplataforma; no resuelto para Windows","https://crates.io/crates/jni/0.21.1","1a87aa2bb7d2af34197c04845522473242e1aa17c12f4935d5856491a7fb8c97"
"cargo","jni-sys","0.3.1","NOT CACHED","lock multiplataforma; no resuelto para Windows","https://crates.io/crates/jni-sys/0.3.1","41a652e1f9b6e0275df1f15b32661cf0d4b78d4d87ddec5e0c3c20f097433258"
"cargo","jni-sys","0.4.1","NOT CACHED","lock multiplataforma; no resuelto para Windows","https://crates.io/crates/jni-sys/0.4.1","c6377a88cb3910bee9b0fa88d4f42e1d2da8e79915598f65fb0c7ee14c878af2"
"cargo","jni-sys-macros","0.4.1","NOT CACHED","lock multiplataforma; no resuelto para Windows","https://crates.io/crates/jni-sys-macros/0.4.1","38c0b942f458fe50cdac086d2f946512305e5631e720728f2a61aabcd47a6264"
"cargo","jobserver","0.1.35","MIT OR Apache-2.0","grafo Windows (incluye build/proc-macros)","https://github.com/rust-lang/jobserver-rs","1c00acbd29eabad4a2392fa0e921c874934dbbf4194312ad20f04a0ed67a3cb3"
"cargo","js-sys","0.3.104","NOT CACHED","lock multiplataforma; no resuelto para Windows","https://crates.io/crates/js-sys/0.3.104","0e0c1080212aad755ea003d18543e8768dd432c48819efd73a7bf1e39b7a5a3a"
"cargo","json-patch","3.0.1","MIT/Apache-2.0","grafo Windows (incluye build/proc-macros)","https://github.com/idubrov/json-patch","863726d7afb6bc2590eeff7135d923545e5e964f004c2ccf8716c25e70a86f08"
"cargo","jsonptr","0.6.3","MIT OR Apache-2.0","grafo Windows (incluye build/proc-macros)","https://github.com/chanced/jsonptr","5dea2b27dd239b2556ed7a25ba842fe47fd602e7fc7433c2a8d6106d4d9edd70"
"cargo","keyboard-types","0.7.0","MIT OR Apache-2.0","grafo Windows (incluye build/proc-macros)","https://github.com/pyfisch/keyboard-types","b750dcadc39a09dbadd74e118f6dd6598df77fa01df0cfcdc52c28dece74528a"
"cargo","lazy_static","1.5.0","MIT OR Apache-2.0","grafo Windows (incluye build/proc-macros)","https://github.com/rust-lang-nursery/lazy-static.rs","bbd2bcb4c963f2ddae06a2efc7e9f3591312473c50c6685e1f298068316e66fe"
"cargo","libappindicator","0.9.0","NOT CACHED","lock multiplataforma; no resuelto para Windows","https://crates.io/crates/libappindicator/0.9.0","03589b9607c868cc7ae54c0b2a22c8dc03dd41692d48f2d7df73615c6a95dc0a"
"cargo","libappindicator-sys","0.9.0","NOT CACHED","lock multiplataforma; no resuelto para Windows","https://crates.io/crates/libappindicator-sys/0.9.0","6e9ec52138abedcc58dc17a7c6c0c00a2bdb4f3427c7f63fa97fd0d859155caf"
"cargo","libc","0.2.189","MIT OR Apache-2.0","grafo Windows (incluye build/proc-macros)","https://github.com/rust-lang/libc","3eaf3ede3fee6db1a4c2ee091bf8a8b4dccdc6d17f656fb07896ee72867612f2"
"cargo","libdbus-sys","0.2.7","NOT CACHED","lock multiplataforma; no resuelto para Windows","https://crates.io/crates/libdbus-sys/0.2.7","328c4789d42200f1eeec05bd86c9c13c7f091d2ba9a6ea35acdf51f31bc0f043"
"cargo","libloading","0.7.4","NOT CACHED","lock multiplataforma; no resuelto para Windows","https://crates.io/crates/libloading/0.7.4","b67380fd3b2fbe7527a606e18729d21c6f3951633d0500574c4dc22d2d638b9f"
"cargo","libm","0.2.16","MIT","grafo Windows (incluye build/proc-macros)","https://github.com/rust-lang/compiler-builtins","b6d2cec3eae94f9f509c767b45932f1ada8350c4bdb85af2fcab4a3c14807981"
"cargo","libredox","0.1.20","NOT CACHED","lock multiplataforma; no resuelto para Windows","https://crates.io/crates/libredox/0.1.20","28d0a00925a9f930d679b6789b721e3a7f9ed110f41b86d2497caa780c3a070a"
"cargo","libsqlite3-sys","0.30.1","MIT","grafo Windows (incluye build/proc-macros)","https://github.com/rusqlite/rusqlite","2e99fb7a497b1e3339bc746195567ed8d3e24945ecd636e3619d20b9de9e9149"
"cargo","linux-raw-sys","0.12.1","NOT CACHED","lock multiplataforma; no resuelto para Windows","https://crates.io/crates/linux-raw-sys/0.12.1","32a66949e030da00e8c7d4434b251670a91556f4144941d37452769c25d58a53"
"cargo","litemap","0.8.3","Unicode-3.0","grafo Windows (incluye build/proc-macros)","https://github.com/unicode-org/icu4x","47d9d19d1d6efa0109d2f65ff4c85cddd50bd572e5a00127ab10987290bcefae"
"cargo","lock_api","0.4.14","MIT OR Apache-2.0","grafo Windows (incluye build/proc-macros)","https://github.com/Amanieu/parking_lot","224399e74b87b5f3557511d98dff8b14089b3dadafcab6bb93eab67d3aace965"
"cargo","log","0.4.34","MIT OR Apache-2.0","grafo Windows (incluye build/proc-macros)","https://github.com/rust-lang/log","f9f8bd3e56ce4dfc153cf470fffbfa98c7620958b312ca5c3a4b8d5181fd13c6"
"cargo","lzma-rs","0.3.0","MIT","grafo Windows (incluye build/proc-macros)","https://github.com/gendx/lzma-rs","297e814c836ae64db86b36cf2a557ba54368d03f6afcd7d947c266692f71115e"
"cargo","lzma-sys","0.1.20","MIT/Apache-2.0","grafo Windows (incluye build/proc-macros)","https://github.com/alexcrichton/xz2-rs","5fda04ab3764e6cde78b9974eec4f779acaba7c4e84b36eca3cf77c581b85d27"
"cargo","markup5ever","0.38.0","MIT OR Apache-2.0","grafo Windows (incluye build/proc-macros)","https://github.com/servo/html5ever","8983d30f2915feeaaab2d6babdd6bc7e9ed1a00b66b5e6d74df19aa9c0e91862"
"cargo","md-5","0.10.6","MIT OR Apache-2.0","grafo Windows (incluye build/proc-macros)","https://github.com/RustCrypto/hashes","d89e7ee0cfbedfc4da3340218492196241d89eefb6dab27de5df917a6d2e78cf"
"cargo","memchr","2.8.3","Unlicense OR MIT","grafo Windows (incluye build/proc-macros)","https://github.com/BurntSushi/memchr","cf8baf1c55e62ffcace7a9f06f4bd9cd3f0c4beb022d3b367256b91b87513d98"
"cargo","memoffset","0.9.1","NOT CACHED","lock multiplataforma; no resuelto para Windows","https://crates.io/crates/memoffset/0.9.1","488016bfae457b036d996092f6cb448677611ce4449e970ceaf42695203f218a"
"cargo","mime","0.3.17","MIT OR Apache-2.0","grafo Windows (incluye build/proc-macros)","https://github.com/hyperium/mime","6877bb514081ee2a7ff5ef9de3281f14a4dd4bceac4c09388074a6b5df8a139a"
"cargo","miniz_oxide","0.8.9","MIT OR Zlib OR Apache-2.0","grafo Windows (incluye build/proc-macros)","https://github.com/Frommi/miniz_oxide/tree/master/miniz_oxide","1fa76a2c86f704bdb222d66965fb3d63269ce38518b83cb0575fca855ebb6316"
"cargo","mio","1.2.2","MIT","grafo Windows (incluye build/proc-macros)","https://github.com/tokio-rs/mio","30d65c71f1ce40ab09135ce117d742b9f8a19ff91a41a8b57ed50bc2de59c427"
"cargo","muda","0.19.3","Apache-2.0 OR MIT","grafo Windows (incluye build/proc-macros)","https://github.com/tauri-apps/muda","1dd04e60bc0b07438a6771710ee1698f98f6ebbc7f89b61264af1563b8aeb878"
"cargo","ndk","0.9.0","NOT CACHED","lock multiplataforma; no resuelto para Windows","https://crates.io/crates/ndk/0.9.0","c3f42e7bbe13d351b6bead8286a43aac9534b82bd3cc43e47037f012ebfd62d4"
"cargo","ndk-sys","0.6.0+11769913","NOT CACHED","lock multiplataforma; no resuelto para Windows","https://crates.io/crates/ndk-sys/0.6.0+11769913","ee6cda3051665f1fb8d9e08fc35c96d5a244fb1be711a03b71118828afc9a873"
"cargo","new_debug_unreachable","1.0.6","MIT","grafo Windows (incluye build/proc-macros)","https://github.com/mbrubeck/rust-debug-unreachable","650eef8c711430f1a879fdd01d4745a7deea475becfb90269c06775983bbf086"
"cargo","num-bigint-dig","0.8.6","MIT/Apache-2.0","grafo Windows (incluye build/proc-macros)","https://github.com/dignifiedquire/num-bigint","e661dda6640fad38e827a6d4a310ff4763082116fe217f279885c97f511bb0b7"
"cargo","num-conv","0.2.2","MIT OR Apache-2.0","grafo Windows (incluye build/proc-macros)","https://github.com/jhpratt/num-conv","521739c6d2bac4aa25192232afe6841231376b2b26d4d9fae5ecf8ca5772e441"
"cargo","num-integer","0.1.47","MIT OR Apache-2.0","grafo Windows (incluye build/proc-macros)","https://github.com/rust-num/num-integer","7ce2d95d4b3734dc35aa2f45e1aa22cd416814592a4f9d9205e11affd5b8e10b"
"cargo","num-iter","0.1.46","MIT OR Apache-2.0","grafo Windows (incluye build/proc-macros)","https://github.com/rust-num/num-iter","c92800bd69a1eac91786bcfe9da64a897eb72911b8dc3095decbd07429e8048b"
"cargo","num-traits","0.2.19","MIT OR Apache-2.0","grafo Windows (incluye build/proc-macros)","https://github.com/rust-num/num-traits","071dfc062690e90b734c0b2273ce72ad0ffa95f0c74596bc250dcfd960262841"
"cargo","num_enum","0.7.6","NOT CACHED","lock multiplataforma; no resuelto para Windows","https://crates.io/crates/num_enum/0.7.6","5d0bca838442ec211fa11de3a8b0e0e8f3a4522575b5c4c06ed722e005036f26"
"cargo","num_enum_derive","0.7.6","NOT CACHED","lock multiplataforma; no resuelto para Windows","https://crates.io/crates/num_enum_derive/0.7.6","680998035259dcfcafe653688bf2aa6d3e2dc05e98be6ab46afb089dc84f1df8"
"cargo","objc2","0.6.4","NOT CACHED","lock multiplataforma; no resuelto para Windows","https://crates.io/crates/objc2/0.6.4","3a12a8ed07aefc768292f076dc3ac8c48f3781c8f2d5851dd3d98950e8c5a89f"
"cargo","objc2-app-kit","0.3.2","NOT CACHED","lock multiplataforma; no resuelto para Windows","https://crates.io/crates/objc2-app-kit/0.3.2","d49e936b501e5c5bf01fda3a9452ff86dc3ea98ad5f283e1455153142d97518c"
"cargo","objc2-cloud-kit","0.3.2","NOT CACHED","lock multiplataforma; no resuelto para Windows","https://crates.io/crates/objc2-cloud-kit/0.3.2","73ad74d880bb43877038da939b7427bba67e9dd42004a18b809ba7d87cee241c"
"cargo","objc2-core-data","0.3.2","NOT CACHED","lock multiplataforma; no resuelto para Windows","https://crates.io/crates/objc2-core-data/0.3.2","0b402a653efbb5e82ce4df10683b6b28027616a2715e90009947d50b8dd298fa"
"cargo","objc2-core-foundation","0.3.2","NOT CACHED","lock multiplataforma; no resuelto para Windows","https://crates.io/crates/objc2-core-foundation/0.3.2","2a180dd8642fa45cdb7dd721cd4c11b1cadd4929ce112ebd8b9f5803cc79d536"
"cargo","objc2-core-graphics","0.3.2","NOT CACHED","lock multiplataforma; no resuelto para Windows","https://crates.io/crates/objc2-core-graphics/0.3.2","e022c9d066895efa1345f8e33e584b9f958da2fd4cd116792e15e07e4720a807"
"cargo","objc2-core-image","0.3.2","NOT CACHED","lock multiplataforma; no resuelto para Windows","https://crates.io/crates/objc2-core-image/0.3.2","e5d563b38d2b97209f8e861173de434bd0214cf020e3423a52624cd1d989f006"
"cargo","objc2-core-location","0.3.2","NOT CACHED","lock multiplataforma; no resuelto para Windows","https://crates.io/crates/objc2-core-location/0.3.2","ca347214e24bc973fc025fd0d36ebb179ff30536ed1f80252706db19ee452009"
"cargo","objc2-core-text","0.3.2","NOT CACHED","lock multiplataforma; no resuelto para Windows","https://crates.io/crates/objc2-core-text/0.3.2","0cde0dfb48d25d2b4862161a4d5fcc0e3c24367869ad306b0c9ec0073bfed92d"
"cargo","objc2-encode","4.1.0","NOT CACHED","lock multiplataforma; no resuelto para Windows","https://crates.io/crates/objc2-encode/4.1.0","ef25abbcd74fb2609453eb695bd2f860d389e457f67dc17cafc8b8cbc89d0c33"
"cargo","objc2-exception-helper","0.1.1","NOT CACHED","lock multiplataforma; no resuelto para Windows","https://crates.io/crates/objc2-exception-helper/0.1.1","c7a1c5fbb72d7735b076bb47b578523aedc40f3c439bea6dfd595c089d79d98a"
"cargo","objc2-foundation","0.3.2","NOT CACHED","lock multiplataforma; no resuelto para Windows","https://crates.io/crates/objc2-foundation/0.3.2","e3e0adef53c21f888deb4fa59fc59f7eb17404926ee8a6f59f5df0fd7f9f3272"
"cargo","objc2-io-surface","0.3.2","NOT CACHED","lock multiplataforma; no resuelto para Windows","https://crates.io/crates/objc2-io-surface/0.3.2","180788110936d59bab6bd83b6060ffdfffb3b922ba1396b312ae795e1de9d81d"
"cargo","objc2-quartz-core","0.3.2","NOT CACHED","lock multiplataforma; no resuelto para Windows","https://crates.io/crates/objc2-quartz-core/0.3.2","96c1358452b371bf9f104e21ec536d37a650eb10f7ee379fff67d2e08d537f1f"
"cargo","objc2-ui-kit","0.3.2","NOT CACHED","lock multiplataforma; no resuelto para Windows","https://crates.io/crates/objc2-ui-kit/0.3.2","d87d638e33c06f577498cbcc50491496a3ed4246998a7fbba7ccb98b1e7eab22"
"cargo","objc2-user-notifications","0.3.2","NOT CACHED","lock multiplataforma; no resuelto para Windows","https://crates.io/crates/objc2-user-notifications/0.3.2","9df9128cbbfef73cda168416ccf7f837b62737d748333bfe9ab71c245d76613e"
"cargo","objc2-web-kit","0.3.2","NOT CACHED","lock multiplataforma; no resuelto para Windows","https://crates.io/crates/objc2-web-kit/0.3.2","b2e5aaab980c433cf470df9d7af96a7b46a9d892d521a2cbbb2f8a4c16751e7f"
"cargo","once_cell","1.21.4","MIT OR Apache-2.0","grafo Windows (incluye build/proc-macros)","https://github.com/matklad/once_cell","9f7c3e4beb33f85d45ae3e3a1792185706c8e16d043238c593331cc7cd313b50"
"cargo","open","5.4.2","MIT","grafo Windows (incluye build/proc-macros)","https://github.com/Byron/open-rs","ade3be4664bc1ef537ce133015f04c176b737815c2ba9fd60edf212d6e90dd55"
"cargo","option-ext","0.2.0","MPL-2.0","grafo Windows (incluye build/proc-macros)","https://github.com/soc/option-ext.git","04744f49eae99ab78e0d5c0b603ab218f515ea8cfe5a456d7629ad883a3b6e7d"
"cargo","ordered-stream","0.2.0","NOT CACHED","lock multiplataforma; no resuelto para Windows","https://crates.io/crates/ordered-stream/0.2.0","9aa2b01e1d916879f73a53d01d1d6cee68adbb31d6d9177a8cfce093cced1d50"
"cargo","pango","0.18.3","NOT CACHED","lock multiplataforma; no resuelto para Windows","https://crates.io/crates/pango/0.18.3","7ca27ec1eb0457ab26f3036ea52229edbdb74dee1edd29063f5b9b010e7ebee4"
"cargo","pango-sys","0.18.0","NOT CACHED","lock multiplataforma; no resuelto para Windows","https://crates.io/crates/pango-sys/0.18.0","436737e391a843e5933d6d9aa102cb126d501e815b83601365a948a518555dc5"
"cargo","parking","2.2.1","Apache-2.0 OR MIT","grafo Windows (incluye build/proc-macros)","https://github.com/smol-rs/parking","f38d5652c16fde515bb1ecef450ab0f6a219d619a7274976324d5e377f7dceba"
"cargo","parking_lot","0.12.5","MIT OR Apache-2.0","grafo Windows (incluye build/proc-macros)","https://github.com/Amanieu/parking_lot","93857453250e3077bd71ff98b6a65ea6621a19bb0f559a85248955ac12c45a1a"
"cargo","parking_lot_core","0.9.12","MIT OR Apache-2.0","grafo Windows (incluye build/proc-macros)","https://github.com/Amanieu/parking_lot","2621685985a2ebf1c516881c026032ac7deafcda1a2c9b7850dc81e3dfcb64c1"
"cargo","pbkdf2","0.12.2","MIT OR Apache-2.0","grafo Windows (incluye build/proc-macros)","https://github.com/RustCrypto/password-hashes/tree/master/pbkdf2","f8ed6a7761f76e3b9f92dfb0a60a6a6477c61024b775147ff0973a02653abaf2"
"cargo","pem-rfc7468","0.7.0","Apache-2.0 OR MIT","grafo Windows (incluye build/proc-macros)","https://github.com/RustCrypto/formats/tree/master/pem-rfc7468","88b39c9bfcfc231068454382784bb460aae594343fb030d46e9f50a645418412"
"cargo","percent-encoding","2.3.2","MIT OR Apache-2.0","grafo Windows (incluye build/proc-macros)","https://github.com/servo/rust-url/","9b4f627cb1b25917193a259e49bdad08f671f8d9708acfd5fe0a8c1455d87220"
"cargo","phf","0.13.1","MIT","grafo Windows (incluye build/proc-macros)","https://github.com/rust-phf/rust-phf","c1562dc717473dbaa4c1f85a36410e03c047b2e7df7f45ee938fbef64ae7fadf"
"cargo","phf_codegen","0.13.1","MIT","grafo Windows (incluye build/proc-macros)","https://github.com/rust-phf/rust-phf","49aa7f9d80421bca176ca8dbfebe668cc7a2684708594ec9f3c0db0805d5d6e1"
"cargo","phf_generator","0.13.1","MIT","grafo Windows (incluye build/proc-macros)","https://github.com/rust-phf/rust-phf","135ace3a761e564ec88c03a77317a7c6b80bb7f7135ef2544dbe054243b89737"
"cargo","phf_macros","0.13.1","MIT","grafo Windows (incluye build/proc-macros)","https://github.com/rust-phf/rust-phf","812f032b54b1e759ccd5f8b6677695d5268c588701effba24601f6932f8269ef"
"cargo","phf_shared","0.13.1","MIT","grafo Windows (incluye build/proc-macros)","https://github.com/rust-phf/rust-phf","e57fef6bc5981e38c2ce2d63bfa546861309f875b8a75f092d1d54ae2d64f266"
"cargo","pin-project-lite","0.2.17","Apache-2.0 OR MIT","grafo Windows (incluye build/proc-macros)","https://github.com/taiki-e/pin-project-lite","a89322df9ebe1c1578d689c92318e070967d1042b512afbe49518723f4e6d5cd"
"cargo","piper","0.2.5","NOT CACHED","lock multiplataforma; no resuelto para Windows","https://crates.io/crates/piper/0.2.5","c835479a4443ded371d6c535cbfd8d31ad92c5d23ae9770a61bc155e4992a3c1"
"cargo","pkcs1","0.7.5","Apache-2.0 OR MIT","grafo Windows (incluye build/proc-macros)","https://github.com/RustCrypto/formats/tree/master/pkcs1","c8ffb9f10fa047879315e6625af03c164b16962a5368d724ed16323b68ace47f"
"cargo","pkcs8","0.10.2","Apache-2.0 OR MIT","grafo Windows (incluye build/proc-macros)","https://github.com/RustCrypto/formats/tree/master/pkcs8","f950b2377845cebe5cf8b5165cb3cc1a5e0fa5cfa3e1f7f55707d8fd82e0a7b7"
"cargo","pkg-config","0.3.34","MIT OR Apache-2.0","grafo Windows (incluye build/proc-macros)","https://github.com/rust-lang/pkg-config-rs","f6b464fbc74e149a392436b17d523f769e057cb6877f6a5c4618bc6f11800548"
"cargo","plain","0.2.3","NOT CACHED","lock multiplataforma; no resuelto para Windows","https://crates.io/crates/plain/0.2.3","b4596b6d070b27117e987119b4dac604f3c58cfb0b191112e24771b2faeac1a6"
"cargo","plist","1.10.0","MIT","grafo Windows (incluye build/proc-macros)","https://github.com/ebarnard/rust-plist/","7da1d65da6dd5d1e44199ac0f58712d241c0f439f80adea8924d832384087f85"
"cargo","png","0.17.16","MIT OR Apache-2.0","grafo Windows (incluye build/proc-macros)","https://github.com/image-rs/image-png","82151a2fc869e011c153adc57cf2789ccb8d9906ce52c0b39a6b5697749d7526"
"cargo","png","0.18.1","NOT CACHED","lock multiplataforma; no resuelto para Windows","https://crates.io/crates/png/0.18.1","60769b8b31b2a9f263dae2776c37b1b28ae246943cf719eb6946a1db05128a61"
"cargo","polling","3.11.0","NOT CACHED","lock multiplataforma; no resuelto para Windows","https://crates.io/crates/polling/3.11.0","5d0e4f59085d47d8241c88ead0f274e8a0cb551f3625263c05eb8dd897c34218"
"cargo","portable-atomic","1.15.0","NOT CACHED","lock multiplataforma; no resuelto para Windows","https://crates.io/crates/portable-atomic/1.15.0","05c8b63e8d9609db387f0324918f81d68fe27748f084ef092fb35954d0539a85"
"cargo","portable-atomic-util","0.2.7","NOT CACHED","lock multiplataforma; no resuelto para Windows","https://crates.io/crates/portable-atomic-util/0.2.7","c2a106d1259c23fac8e543272398ae0e3c0b8d33c88ed73d0cc71b0f1d902618"
"cargo","potential_utf","0.1.6","Unicode-3.0","grafo Windows (incluye build/proc-macros)","https://github.com/unicode-org/icu4x","d83eb9bc6d8e5cf568e7a1101d60ee05e81ed50ea106026f3d18deeb046d7661"
"cargo","powerfmt","0.2.0","MIT OR Apache-2.0","grafo Windows (incluye build/proc-macros)","https://github.com/jhpratt/powerfmt","439ee305def115ba05938db6eb1644ff94165c5ab5e9420d1c1bcedbba909391"
"cargo","ppv-lite86","0.2.21","MIT OR Apache-2.0","grafo Windows (incluye build/proc-macros)","https://github.com/cryptocorrosion/cryptocorrosion","85eae3c4ed2f50dcfe72643da4befc30deadb458a9b590d720cde2f2b1e97da9"
"cargo","precomputed-hash","0.1.1","MIT","grafo Windows (incluye build/proc-macros)","https://github.com/emilio/precomputed-hash","925383efa346730478fb4838dbe9137d2a47675ad789c546d150a6e1dd4ab31c"
"cargo","proc-macro-crate","1.3.1","NOT CACHED","lock multiplataforma; no resuelto para Windows","https://crates.io/crates/proc-macro-crate/1.3.1","7f4c021e1093a56626774e81216a4ce732a735e5bad4868a03f3ed65ca0c3919"
"cargo","proc-macro-crate","2.0.2","NOT CACHED","lock multiplataforma; no resuelto para Windows","https://crates.io/crates/proc-macro-crate/2.0.2","b00f26d3400549137f92511a46ac1cd8ce37cb5598a96d382381458b992a5d24"
"cargo","proc-macro-crate","3.5.0","MIT OR Apache-2.0","grafo Windows (incluye build/proc-macros)","https://github.com/bkchr/proc-macro-crate","e67ba7e9b2b56446f1d419b1d807906278ffa1a658a8a5d8a39dcb1f5a78614f"
"cargo","proc-macro-error","1.0.4","NOT CACHED","lock multiplataforma; no resuelto para Windows","https://crates.io/crates/proc-macro-error/1.0.4","da25490ff9892aab3fcf7c36f08cfb902dd3e71ca0f9f9517bea02a73a5ce38c"
"cargo","proc-macro-error-attr","1.0.4","NOT CACHED","lock multiplataforma; no resuelto para Windows","https://crates.io/crates/proc-macro-error-attr/1.0.4","a1be40180e52ecc98ad80b184934baf3d0d29f979574e439af5a55274b35f869"
"cargo","proc-macro2","1.0.107","MIT OR Apache-2.0","grafo Windows (incluye build/proc-macros)","https://github.com/dtolnay/proc-macro2","985e7ec9bb745e6ce6535b544d84d6cd6f7ad8bd711c398938ae983b91a766d9"
"cargo","ptr_meta","0.1.4","MIT","grafo Windows (incluye build/proc-macros)","https://github.com/djkoloski/ptr_meta","0738ccf7ea06b608c10564b31debd4f5bc5e197fc8bfe088f68ae5ce81e7a4f1"
"cargo","ptr_meta_derive","0.1.4","MIT","grafo Windows (incluye build/proc-macros)","https://github.com/djkoloski/ptr_meta","16b845dbfca988fa33db069c0e230574d15a3088f147a87b64c7589eb662c9ac"
"cargo","quick-xml","0.41.0","MIT","grafo Windows (incluye build/proc-macros)","https://github.com/tafia/quick-xml","e660451e55124f798a69a5af3f49ccfbefbd41910eefd25caf2393e1f3473ec1"
"cargo","quote","1.0.47","MIT OR Apache-2.0","grafo Windows (incluye build/proc-macros)","https://github.com/dtolnay/quote","1fbf4db142a473a8d80c26bbf18454ed458bf8d26c8219c331daecfdbd079001"
"cargo","r-efi","5.3.0","NOT CACHED","lock multiplataforma; no resuelto para Windows","https://crates.io/crates/r-efi/5.3.0","69cdb34c158ceb288df11e18b4bd39de994f6657d83847bdffdbd7f346754b0f"
"cargo","r-efi","6.0.0","NOT CACHED","lock multiplataforma; no resuelto para Windows","https://crates.io/crates/r-efi/6.0.0","f8dcc9c7d52a811697d2151c701e0d08956f92b0e24136cf4cf27b57a6a0d9bf"
"cargo","radium","0.7.0","MIT","grafo Windows (incluye build/proc-macros)","https://github.com/bitvecto-rs/radium","dc33ff2d4973d518d823d61aa239014831e521c75da58e3df4840d3f47749d09"
"cargo","rand","0.8.7","MIT OR Apache-2.0","grafo Windows (incluye build/proc-macros)","https://github.com/rust-random/rand","22f6172bdec972074665ed81ed53b71da00bfc44b65a753cfde883ec4c702a1a"
"cargo","rand_chacha","0.3.1","MIT OR Apache-2.0","grafo Windows (incluye build/proc-macros)","https://github.com/rust-random/rand","e6c10a63a0fa32252be49d21e7709d4d4baf8d231c2dbce1eaa8141b9b127d88"
"cargo","rand_core","0.6.4","MIT OR Apache-2.0","grafo Windows (incluye build/proc-macros)","https://github.com/rust-random/rand","ec0be4795e2f6a28069bec0b5ff3e2ac9bafc99e6a9a7dc3547996c5c816922c"
"cargo","raw-window-handle","0.6.2","MIT OR Apache-2.0 OR Zlib","grafo Windows (incluye build/proc-macros)","https://github.com/rust-windowing/raw-window-handle","20675572f6f24e9e76ef639bc5552774ed45f1c30e2951e1e99c59888861c539"
"cargo","redox_syscall","0.5.18","NOT CACHED","lock multiplataforma; no resuelto para Windows","https://crates.io/crates/redox_syscall/0.5.18","ed2bf2547551a7053d6fdfafda3f938979645c44812fbfcda098faae3f1a362d"
"cargo","redox_syscall","0.9.3","NOT CACHED","lock multiplataforma; no resuelto para Windows","https://crates.io/crates/redox_syscall/0.9.3","d678d17679829e73d371e96880897e98fee2ded7acc0a50bdf8af2affa4b2fe5"
"cargo","redox_users","0.5.2","NOT CACHED","lock multiplataforma; no resuelto para Windows","https://crates.io/crates/redox_users/0.5.2","a4e608c6638b9c18977b00b475ac1f28d14e84b27d8d42f70e0bf1e3dec127ac"
"cargo","ref-cast","1.0.27","MIT OR Apache-2.0","grafo Windows (incluye build/proc-macros)","https://github.com/dtolnay/ref-cast","7e440fb4e4b4147295338efb76001ab9e4efc0e5839df2c47fc5ac2381d365c3"
"cargo","ref-cast-impl","1.0.27","MIT OR Apache-2.0","grafo Windows (incluye build/proc-macros)","https://github.com/dtolnay/ref-cast","92ecd8964f8453721699a1ed72037b0db49ce2f5a5138486ee89bed6f67cdf3a"
"cargo","regex","1.13.1","MIT OR Apache-2.0","grafo Windows (incluye build/proc-macros)","https://github.com/rust-lang/regex","f020237b6c8eed93db2e2cb53c00c60a8e1bc73da7d073199a1180401450218d"
"cargo","regex-automata","0.4.18","MIT OR Apache-2.0","grafo Windows (incluye build/proc-macros)","https://github.com/rust-lang/regex","ad8553b9b26413251cbf30e620595c7a41b3887f03da04579c0e6b0d6a06b4b2"
"cargo","regex-syntax","0.8.11","MIT OR Apache-2.0","grafo Windows (incluye build/proc-macros)","https://github.com/rust-lang/regex","d6f6ff9a378485b298a5286656da665ba74413d36db0979633275d2e708145d4"
"cargo","rend","0.4.2","MIT","grafo Windows (incluye build/proc-macros)","https://github.com/djkoloski/rend","71fe3824f5629716b1589be05dacd749f6aa084c87e00e016714a8cdfccc997c"
"cargo","reqwest","0.13.4","NOT CACHED","lock multiplataforma; no resuelto para Windows","https://crates.io/crates/reqwest/0.13.4","219c5811de6525e5416c7d5d53bb656d3afdbc6c5af816e0802bcfa42dbdc1c3"
"cargo","rfd","0.16.0","MIT","grafo Windows (incluye build/proc-macros)","https://github.com/PolyMeilex/rfd","a15ad77d9e70a92437d8f74c35d99b4e4691128df018833e99f90bcd36152672"
"cargo","rkyv","0.7.46","MIT","grafo Windows (incluye build/proc-macros)","https://github.com/rkyv/rkyv","2297bf9c81a3f0dc96bc9521370b88f054168c29826a75e89c55ff196e7ed6a1"
"cargo","rkyv_derive","0.7.46","MIT","grafo Windows (incluye build/proc-macros)","https://github.com/rkyv/rkyv","84d7b42d4b8d06048d3ac8db0eb31bcb942cbeb709f0b5f2b2ebde398d3038f5"
"cargo","rsa","0.9.10","MIT OR Apache-2.0","grafo Windows (incluye build/proc-macros)","https://github.com/RustCrypto/RSA","b8573f03f5883dcaebdfcf4725caa1ecb9c15b2ef50c43a07b816e06799bb12d"
"cargo","rusqlite","0.32.1","MIT","grafo Windows (incluye build/proc-macros)","https://github.com/rusqlite/rusqlite","7753b721174eb8ff87a9a0e799e2d7bc3749323e773db92e0984debb00019d6e"
"cargo","rust_decimal","1.42.1","MIT","grafo Windows (incluye build/proc-macros)","https://github.com/paupino/rust-decimal","be2a24f50780bc85f09cc6ac299bdf1424302742d77221106859c9d8b102126a"
"cargo","rustc-hash","2.1.3","Apache-2.0 OR MIT","grafo Windows (incluye build/proc-macros)","https://github.com/rust-lang/rustc-hash","6b1e7f9a428571be2dc5bc0505c13fb6bf936822b894ec87abf8a08a4e51742d"
"cargo","rustc_version","0.4.1","MIT OR Apache-2.0","grafo Windows (incluye build/proc-macros)","https://github.com/djc/rustc-version-rs","cfcb3a22ef46e85b45de6ee7e79d063319ebb6594faafcf1c225ea92ab6e9b92"
"cargo","rustix","1.1.4","NOT CACHED","lock multiplataforma; no resuelto para Windows","https://crates.io/crates/rustix/1.1.4","b6fe4565b9518b83ef4f91bb47ce29620ca828bd32cb7e408f0062e9930ba190"
"cargo","rustversion","1.0.23","NOT CACHED","lock multiplataforma; no resuelto para Windows","https://crates.io/crates/rustversion/1.0.23","cf54715a573b99ac80df0bc206da022bcd442c974952c7b9720069370852e21f"
"cargo","ryu","1.0.23","Apache-2.0 OR BSL-1.0","grafo Windows (incluye build/proc-macros)","https://github.com/dtolnay/ryu","9774ba4a74de5f7b1c1451ed6cd5285a32eddb5cccb8cc655a4e50009e06477f"
"cargo","same-file","1.0.6","Unlicense/MIT","grafo Windows (incluye build/proc-macros)","https://github.com/BurntSushi/same-file","93fc1dc3aaa9bfed95e02e6eadabb4baf7e3078b0bd1b4d7b6b0b68378900502"
"cargo","schemars","0.8.22","MIT","grafo Windows (incluye build/proc-macros)","https://github.com/GREsau/schemars","3fbf2ae1b8bc8e02df939598064d22402220cd5bbcca1c76f7d6a310974d5615"
"cargo","schemars","0.9.0","MIT","grafo Windows (incluye build/proc-macros)","https://github.com/GREsau/schemars","4cd191f9397d57d581cddd31014772520aa448f65ef991055d7f61582c65165f"
"cargo","schemars","1.2.2","MIT","grafo Windows (incluye build/proc-macros)","https://github.com/GREsau/schemars","687274d293b6cdc6e73e0fee520bf2049650090d7164f87672d212a3c530cf4a"
"cargo","schemars_derive","0.8.22","MIT","grafo Windows (incluye build/proc-macros)","https://github.com/GREsau/schemars","32e265784ad618884abaea0600a9adf15393368d840e0222d101a072f3f7534d"
"cargo","scopeguard","1.2.0","MIT OR Apache-2.0","grafo Windows (incluye build/proc-macros)","https://github.com/bluss/scopeguard","94143f37725109f92c262ed2cf5e59bce7498c01bcc1502d7b9afe439a4e9f49"
"cargo","seahash","4.1.0","MIT","grafo Windows (incluye build/proc-macros)","https://gitlab.redox-os.org/redox-os/seahash","1c107b6f4780854c8b126e228ea8869f4d7b71260f962fefb57b996b8959ba6b"
"cargo","selectors","0.36.1","MPL-2.0","grafo Windows (incluye build/proc-macros)","https://github.com/servo/stylo","c5d9c0c92a92d33f08817311cf3f2c29a3538a8240e94a6a3c622ce652d7e00c"
"cargo","semver","1.0.28","MIT OR Apache-2.0","grafo Windows (incluye build/proc-macros)","https://github.com/dtolnay/semver","8a7852d02fc848982e0c167ef163aaff9cd91dc640ba85e263cb1ce46fae51cd"
"cargo","serde","1.0.229","MIT OR Apache-2.0","grafo Windows (incluye build/proc-macros)","https://github.com/serde-rs/serde","4148590afebada386688f18773da617792bf2ef03ffc1e4cbd2b1d45b023e0ba"
"cargo","serde-untagged","0.1.9","MIT OR Apache-2.0","grafo Windows (incluye build/proc-macros)","https://github.com/dtolnay/serde-untagged","f9faf48a4a2d2693be24c6289dbe26552776eb7737074e6722891fadbe6c5058"
"cargo","serde_core","1.0.229","MIT OR Apache-2.0","grafo Windows (incluye build/proc-macros)","https://github.com/serde-rs/serde","67dca2c9c51e58a4791a4b1ed58308b39c64224d349a935ab5039aa360942a48"
"cargo","serde_derive","1.0.229","MIT OR Apache-2.0","grafo Windows (incluye build/proc-macros)","https://github.com/serde-rs/serde","e7a5d71263a5a7d47b41f6b3f06ba276f10cc18b0931f1799f710578e2309348"
"cargo","serde_derive_internals","0.29.1","MIT OR Apache-2.0","grafo Windows (incluye build/proc-macros)","https://github.com/serde-rs/serde","18d26a20a969b9e3fdf2fc2d9f21eda6c40e2de84c9408bb5d3b05d499aae711"
"cargo","serde_json","1.0.151","MIT OR Apache-2.0","grafo Windows (incluye build/proc-macros)","https://github.com/serde-rs/json","c841b55ecdae098c80dcae9cf767f6f8a0c2cdb3416bbef72181df4d0fe73f14"
"cargo","serde_repr","0.1.21","MIT OR Apache-2.0","grafo Windows (incluye build/proc-macros)","https://github.com/dtolnay/serde-repr","8d3b1629de253c70a0508c3899572da79ca359fdab27c7920ff00406df418906"
"cargo","serde_spanned","0.6.9","NOT CACHED","lock multiplataforma; no resuelto para Windows","https://crates.io/crates/serde_spanned/0.6.9","bf41e0cfaf7226dca15e8197172c295a782857fcb97fad1808a166870dee75a3"
"cargo","serde_spanned","1.1.1","MIT OR Apache-2.0","grafo Windows (incluye build/proc-macros)","https://github.com/toml-rs/toml","6662b5879511e06e8999a8a235d848113e942c9124f211511b16466ee2995f26"
"cargo","serde_urlencoded","0.7.1","MIT/Apache-2.0","grafo Windows (incluye build/proc-macros)","https://github.com/nox/serde_urlencoded","d3491c14715ca2294c4d6a88f15e84739788c1d030eed8c110436aafdaa2f3fd"
"cargo","serde_with","3.22.0","MIT OR Apache-2.0","grafo Windows (incluye build/proc-macros)","https://github.com/jonasbb/serde_with/","ee78f1fbe43ac4a0e47aadb3dbd357b69eb0d3793e948624cd03dd2750ab1c0a"
"cargo","serde_with_macros","3.22.0","MIT OR Apache-2.0","grafo Windows (incluye build/proc-macros)","https://github.com/jonasbb/serde_with/","8705578779c2b6bd90d84d66eb2e206b708b1a4d7b9f17641b293545bf1c7e46"
"cargo","serialize-to-javascript","0.1.2","MIT OR Apache-2.0","grafo Windows (incluye build/proc-macros)","https://github.com/chippers/serialize-to-javascript","04f3666a07a197cdb77cdf306c32be9b7f598d7060d50cfd4d5aa04bfd92f6c5"
"cargo","serialize-to-javascript-impl","0.1.2","MIT OR Apache-2.0","grafo Windows (incluye build/proc-macros)","https://github.com/chippers/serialize-to-javascript","772ee033c0916d670af7860b6e1ef7d658a4629a6d0b4c8c3e67f09b3765b75d"
"cargo","servo_arc","0.4.3","MIT OR Apache-2.0","grafo Windows (incluye build/proc-macros)","https://github.com/servo/stylo","170fb83ab34de17dc69aa7c67482b22218ddb85da56546f9bd6b929e32a05930"
"cargo","sha1","0.10.7","MIT OR Apache-2.0","grafo Windows (incluye build/proc-macros)","https://github.com/RustCrypto/hashes","a978451301f4db1d02937a4ab3ccce137717b81826e79b7d49ffe3244a13c3b8"
"cargo","sha2","0.10.9","MIT OR Apache-2.0","grafo Windows (incluye build/proc-macros)","https://github.com/RustCrypto/hashes","a7507d819769d01a365ab707794a4084392c824f54a7a6a7862f8c3d0892b283"
"cargo","shlex","2.0.1","MIT OR Apache-2.0","grafo Windows (incluye build/proc-macros)","https://github.com/comex/rust-shlex","f8fadd59c855ef2080decdef8ff161eb6661b86933c9d82e5ba29dc602a55aba"
"cargo","signal-hook-registry","1.4.8","NOT CACHED","lock multiplataforma; no resuelto para Windows","https://crates.io/crates/signal-hook-registry/1.4.8","c4db69cba1110affc0e9f7bcd48bbf87b3f4fc7c61fc9155afd4c469eb3d6c1b"
"cargo","signature","2.2.0","Apache-2.0 OR MIT","grafo Windows (incluye build/proc-macros)","https://github.com/RustCrypto/traits/tree/master/signature","77549399552de45a898a580c1b41d445bf730df867cc44e6c0233bbc4b8329de"
"cargo","simd-adler32","0.3.10","MIT","grafo Windows (incluye build/proc-macros)","https://github.com/mcountryman/simd-adler32","3a219298ac11a56ea9a6d2120044824d6f01aeb034955e7af7bc16858527deea"
"cargo","simdutf8","0.1.5","MIT OR Apache-2.0","grafo Windows (incluye build/proc-macros)","https://github.com/rusticstuff/simdutf8","e3a9fe34e3e7a50316060351f37187a3f546bce95496156754b601a5fa71b76e"
"cargo","siphasher","1.0.3","MIT/Apache-2.0","grafo Windows (incluye build/proc-macros)","https://github.com/jedisct1/rust-siphash","8ee5873ec9cce0195efcb7a4e9507a04cd49aec9c83d0389df45b1ef7ba2e649"
"cargo","slab","0.4.12","MIT","grafo Windows (incluye build/proc-macros)","https://github.com/tokio-rs/slab","0c790de23124f9ab44544d7ac05d60440adc586479ce501c1d6d7da3cd8c9cf5"
"cargo","smallvec","1.15.2","MIT OR Apache-2.0","grafo Windows (incluye build/proc-macros)","https://github.com/servo/rust-smallvec","8ed6a63f02c8539c91a8685a86f4099661ba3da017932f6ebbea6de3f0fa7c90"
"cargo","socket2","0.6.5","MIT OR Apache-2.0","grafo Windows (incluye build/proc-macros)","https://github.com/rust-lang/socket2","c3d1e2c7f27f8d4cb10542a02c49005dbd6e93095799d6f3be745fae9f8fedd4"
"cargo","softbuffer","0.4.8","MIT OR Apache-2.0","grafo Windows (incluye build/proc-macros)","https://github.com/rust-windowing/softbuffer","aac18da81ebbf05109ab275b157c22a653bb3c12cf884450179942f81bcbf6c3"
"cargo","soup3","0.5.0","NOT CACHED","lock multiplataforma; no resuelto para Windows","https://crates.io/crates/soup3/0.5.0","471f924a40f31251afc77450e781cb26d55c0b650842efafc9c6cbd2f7cc4f9f"
"cargo","soup3-sys","0.5.0","NOT CACHED","lock multiplataforma; no resuelto para Windows","https://crates.io/crates/soup3-sys/0.5.0","7ebe8950a680a12f24f15ebe1bf70db7af98ad242d9db43596ad3108aab86c27"
"cargo","spin","0.9.9","MIT","grafo Windows (incluye build/proc-macros)","https://github.com/mvdnes/spin-rs.git","3763264f6b73151db08c50ff20d7d8a0b8796e021cdea7ceedad07b80155fa0e"
"cargo","spki","0.7.3","Apache-2.0 OR MIT","grafo Windows (incluye build/proc-macros)","https://github.com/RustCrypto/formats/tree/master/spki","d91ed6c858b01f942cd56b37a94b3e0a1798290327d1236e4d9cf4eaca44d29d"
"cargo","sqlx","0.8.6","MIT OR Apache-2.0","grafo Windows (incluye build/proc-macros)","https://github.com/launchbadge/sqlx","1fefb893899429669dcdd979aff487bd78f4064e5e7907e4269081e0ef7d97dc"
"cargo","sqlx-core","0.8.6","MIT OR Apache-2.0","grafo Windows (incluye build/proc-macros)","https://github.com/launchbadge/sqlx","ee6798b1838b6a0f69c007c133b8df5866302197e404e8b6ee8ed3e3a5e68dc6"
"cargo","sqlx-macros","0.8.6","MIT OR Apache-2.0","grafo Windows (incluye build/proc-macros)","https://github.com/launchbadge/sqlx","a2d452988ccaacfbf5e0bdbc348fb91d7c8af5bee192173ac3636b5fb6e6715d"
"cargo","sqlx-macros-core","0.8.6","MIT OR Apache-2.0","grafo Windows (incluye build/proc-macros)","https://github.com/launchbadge/sqlx","19a9c1841124ac5a61741f96e1d9e2ec77424bf323962dd894bdb93f37d5219b"
"cargo","sqlx-mysql","0.8.6","MIT OR Apache-2.0","grafo Windows (incluye build/proc-macros)","https://github.com/launchbadge/sqlx","aa003f0038df784eb8fecbbac13affe3da23b45194bd57dba231c8f48199c526"
"cargo","sqlx-postgres","0.8.6","MIT OR Apache-2.0","grafo Windows (incluye build/proc-macros)","https://github.com/launchbadge/sqlx","db58fcd5a53cf07c184b154801ff91347e4c30d17a3562a635ff028ad5deda46"
"cargo","sqlx-sqlite","0.8.6","MIT OR Apache-2.0","grafo Windows (incluye build/proc-macros)","https://github.com/launchbadge/sqlx","c2d12fe70b2c1b4401038055f90f151b78208de1f9f89a7dbfd41587a10c3eea"
"cargo","stable_deref_trait","1.2.1","MIT OR Apache-2.0","grafo Windows (incluye build/proc-macros)","https://github.com/storyyeller/stable_deref_trait","6ce2be8dc25455e1f91df71bfa12ad37d7af1092ae736f3a6cd0e37bc7810596"
"cargo","string_cache","0.9.0","MIT OR Apache-2.0","grafo Windows (incluye build/proc-macros)","https://github.com/servo/string-cache","a18596f8c785a729f2819c0f6a7eae6ebeebdfffbfe4214ae6b087f690e31901"
"cargo","string_cache_codegen","0.6.1","MIT OR Apache-2.0","grafo Windows (incluye build/proc-macros)","https://github.com/servo/string-cache","585635e46db231059f76c5849798146164652513eb9e8ab2685939dd90f29b69"
"cargo","stringprep","0.1.5","MIT/Apache-2.0","grafo Windows (incluye build/proc-macros)","https://github.com/sfackler/rust-stringprep","7b4df3d392d81bd458a8a621b8bffbd2302a12ffe288a9d931670948749463b1"
"cargo","strsim","0.11.1","MIT","grafo Windows (incluye build/proc-macros)","https://github.com/rapidfuzz/strsim-rs","7da8b5736845d9f2fcb837ea5d9e2628564b3b043a70948a3f0b778838c5fb4f"
"cargo","subtle","2.6.1","BSD-3-Clause","grafo Windows (incluye build/proc-macros)","https://github.com/dalek-cryptography/subtle","13c2bddecc57b384dee18652358fb23172facb8a2c51ccc10d74c157bdea3292"
"cargo","swift-rs","1.0.8","NOT CACHED","lock multiplataforma; no resuelto para Windows","https://crates.io/crates/swift-rs/1.0.8","e45c444e496845d3f2a351146bff59aae4975b2280238df1dfaa0c7d1846f38e"
"cargo","syn","1.0.109","MIT OR Apache-2.0","grafo Windows (incluye build/proc-macros)","https://github.com/dtolnay/syn","72b64191b275b66ffe2469e8af2c1cfe3bafa67b529ead792a6d0160888b4237"
"cargo","syn","2.0.119","MIT OR Apache-2.0","grafo Windows (incluye build/proc-macros)","https://github.com/dtolnay/syn","872831b642d1a07999a962a351ed35b955ea2cfc8f3862091e2a240a84f17297"
"cargo","syn","3.0.4","MIT OR Apache-2.0","grafo Windows (incluye build/proc-macros)","https://github.com/dtolnay/syn","e6275cddf4610d1775e6d1fe9469b2e77d0f39fd98fb7450901b821e0c53649f"
"cargo","sync_wrapper","1.0.2","NOT CACHED","lock multiplataforma; no resuelto para Windows","https://crates.io/crates/sync_wrapper/1.0.2","0bf256ce5efdfa370213c1dabab5935a12e49f2c58d15e9eac2870d3b4f27263"
"cargo","synstructure","0.13.2","MIT","grafo Windows (incluye build/proc-macros)","https://github.com/mystor/synstructure","728a70f3dbaf5bab7f0c4b1ac8d7ae5ea60a4b5549c8a5914361c99147a709d2"
"cargo","system-deps","6.2.2","NOT CACHED","lock multiplataforma; no resuelto para Windows","https://crates.io/crates/system-deps/6.2.2","a3e535eb8dded36d55ec13eddacd30dec501792ff23a0b1682c38601b8cf2349"
"cargo","tao","0.35.3","Apache-2.0","grafo Windows (incluye build/proc-macros)","https://github.com/tauri-apps/tao","d1c93047acf68669466a34690ac58cca7010bd1b201e1ec86f1fd0a75d3dd4a9"
"cargo","tao-macros","0.1.4","NOT CACHED","lock multiplataforma; no resuelto para Windows","https://crates.io/crates/tao-macros/0.1.4","5f7eeb6d99155545da6150a1795945f16ac9c178deb2a5f2e74d776107bd5849"
"cargo","tap","1.0.1","MIT","grafo Windows (incluye build/proc-macros)","https://github.com/myrrlyn/tap","55937e1799185b12863d447f42597ed69d9928686b8d88a1df17376a097d8369"
"cargo","target-lexicon","0.12.16","NOT CACHED","lock multiplataforma; no resuelto para Windows","https://crates.io/crates/target-lexicon/0.12.16","61c41af27dd6d1e27b1b16b489db798443478cef1f06a660c96db617ba5de3b1"
"cargo","tauri","2.11.5","Apache-2.0 OR MIT","grafo Windows (incluye build/proc-macros)","https://github.com/tauri-apps/tauri","667b20e2726d572dea2de7370da16e188eb06008faf9a92fab7cdc46791190b5"
"cargo","tauri-build","2.6.3","Apache-2.0 OR MIT","grafo Windows (incluye build/proc-macros)","https://github.com/tauri-apps/tauri","bc9ce40b16101cb6ea63d3e221567affd1c3a9205f95d7bc574941a10636b632"
"cargo","tauri-codegen","2.6.3","Apache-2.0 OR MIT","grafo Windows (incluye build/proc-macros)","https://github.com/tauri-apps/tauri","08279169ff42f8fc45a1dbc9dcae888893ba95288142e5880c59b93a26d2cfc5"
"cargo","tauri-macros","2.6.3","Apache-2.0 OR MIT","grafo Windows (incluye build/proc-macros)","https://github.com/tauri-apps/tauri","e8b394794f399a421811d06966343e7933fcae92d59f5180b9388d1174497a45"
"cargo","tauri-plugin","2.6.3","Apache-2.0 OR MIT","grafo Windows (incluye build/proc-macros)","https://github.com/tauri-apps/tauri","74be5dd4bed9afbd145e5716b5fa2ec28cbc29c34ffa61c258c9273d896c8020"
"cargo","tauri-plugin-dialog","2.7.2","Apache-2.0 OR MIT","grafo Windows (incluye build/proc-macros)","https://github.com/tauri-apps/plugins-workspace","b2d3c1dbe38037e7f590cdf2492594d5ceebe031e7bc7e827509b22a999d2940"
"cargo","tauri-plugin-fs","2.5.1","Apache-2.0 OR MIT","grafo Windows (incluye build/proc-macros)","https://github.com/tauri-apps/plugins-workspace","b7ecc274121aca0c036a2b42d1cbe83d368d348f54e0bb8a735c2b1548e8f371"
"cargo","tauri-plugin-opener","2.5.4","Apache-2.0 OR MIT","grafo Windows (incluye build/proc-macros)","https://github.com/tauri-apps/plugins-workspace","17e1bea14edce6b793a04e2417e3fd924b9bc4faae83cdee7d714156cceeed29"
"cargo","tauri-plugin-sql","2.4.0","Apache-2.0 OR MIT","grafo Windows (incluye build/proc-macros)","https://github.com/tauri-apps/plugins-workspace","cbbdb4f17a7984ef0aa425b11e543a44d11f2fddbdee3fc61970091f8adfb914"
"cargo","tauri-runtime","2.11.3","Apache-2.0 OR MIT","grafo Windows (incluye build/proc-macros)","https://github.com/tauri-apps/tauri","b0b4bc95aed361b0019067d189a1174a603d460d0f6c72606512d59fc9c12ec8"
"cargo","tauri-runtime-wry","2.11.4","Apache-2.0 OR MIT","grafo Windows (incluye build/proc-macros)","https://github.com/tauri-apps/tauri","4e6fac707727b7a2f48e4ded90976324267371073edbb415ffb73bb0458d203f"
"cargo","tauri-utils","2.9.3","Apache-2.0 OR MIT","grafo Windows (incluye build/proc-macros)","https://github.com/tauri-apps/tauri","3e176a18e67764923c4f1ce66f25ae4abe5f688384d5eb1a0fa6c77f3d90f887"
"cargo","tauri-winres","0.3.6","MIT","grafo Windows (incluye build/proc-macros)","https://github.com/tauri-apps/winres","cc65d45c68858bfe420dd29e834b5d15dbecf8a07a8a16cf4d532c7b1f69d4b6"
"cargo","tempfile","3.27.0","NOT CACHED","lock multiplataforma; no resuelto para Windows","https://crates.io/crates/tempfile/3.27.0","32497e9a4c7b38532efcdebeef879707aa9f794296a4f0244f6f69e9bc8574bd"
"cargo","tendril","0.5.1","MIT OR Apache-2.0","grafo Windows (incluye build/proc-macros)","https://github.com/servo/html5ever","5fed54709c5b3a53d09bb1c113ea4f5ceafd1e772ddcb0030a82e1d56c087b08"
"cargo","thiserror","1.0.69","MIT OR Apache-2.0","grafo Windows (incluye build/proc-macros)","https://github.com/dtolnay/thiserror","b6aaf5339b578ea85b50e080feb250a3e8ae8cfcdff9a461c9ec2904bc923f52"
"cargo","thiserror","2.0.20","MIT OR Apache-2.0","grafo Windows (incluye build/proc-macros)","https://github.com/dtolnay/thiserror","ec86235f5fcc2a73650310756d2ac5b138a5780bbbdfae3eeccec992c435ba4f"
"cargo","thiserror-impl","1.0.69","MIT OR Apache-2.0","grafo Windows (incluye build/proc-macros)","https://github.com/dtolnay/thiserror","4fee6c4efc90059e10f81e6d42c60a18f76588c3d74cb83a0b242a2b6c7504c1"
"cargo","thiserror-impl","2.0.20","MIT OR Apache-2.0","grafo Windows (incluye build/proc-macros)","https://github.com/dtolnay/thiserror","bc04cd3e1236dd4a98afca4569f2deb3f120e5422a4023be2cb683f8486292af"
"cargo","time","0.3.55","MIT OR Apache-2.0","grafo Windows (incluye build/proc-macros)","https://github.com/time-rs/time","cdb87b95ec50ddfa440816d227a17b2ccbdda963a316a727fda0fc4334f7d134"
"cargo","time-core","0.1.9","MIT OR Apache-2.0","grafo Windows (incluye build/proc-macros)","https://github.com/time-rs/time","9e1c906769ad99c88eaa54e728060edef082f8e358ff32030cb7c7d315e81109"
"cargo","time-macros","0.2.32","MIT OR Apache-2.0","grafo Windows (incluye build/proc-macros)","https://github.com/time-rs/time","7e689342a48d2ea927c87ea50cabf8594854bf940e9310208848d680d668ed85"
"cargo","tinystr","0.8.4","Unicode-3.0","grafo Windows (incluye build/proc-macros)","https://github.com/unicode-org/icu4x","b1e27c91459209c2986af3dcf603a5a74a4368754ce37414f59acc971167f643"
"cargo","tinyvec","1.12.0","Zlib OR Apache-2.0 OR MIT","grafo Windows (incluye build/proc-macros)","https://github.com/Lokathor/tinyvec","bb4ebadaa0af04fab11ae01eb5f9fdb5f9c5b875506e210e71c07873528baa7f"
"cargo","tinyvec_macros","0.1.1","MIT OR Apache-2.0 OR Zlib","grafo Windows (incluye build/proc-macros)","https://github.com/Soveu/tinyvec_macros","1f3ccbac311fea05f86f61904b462b55fb3df8837a366dfc601a0161d0532f20"
"cargo","tokio","1.53.1","MIT","grafo Windows (incluye build/proc-macros)","https://github.com/tokio-rs/tokio","202caea871b69668250d242070849eb495be178ed697a3e98aebce5bc81a0bed"
"cargo","tokio-stream","0.1.19","MIT","grafo Windows (incluye build/proc-macros)","https://github.com/tokio-rs/tokio","a3d06f0b082ba57c26b79407372e57cf2a1e28124f78e9479fe80322cf53420b"
"cargo","tokio-util","0.7.19","NOT CACHED","lock multiplataforma; no resuelto para Windows","https://crates.io/crates/tokio-util/0.7.19","494815d09bf52b5548659851081238f0ca39ff638363907596da739561c62c52"
"cargo","toml","0.8.2","NOT CACHED","lock multiplataforma; no resuelto para Windows","https://crates.io/crates/toml/0.8.2","185d8ab0dfbb35cf1399a6344d8484209c088f75f8f68230da55d48d95d43e3d"
"cargo","toml","0.9.12+spec-1.1.0","MIT OR Apache-2.0","grafo Windows (incluye build/proc-macros)","https://github.com/toml-rs/toml","cf92845e79fc2e2def6a5d828f0801e29a2f8acc037becc5ab08595c7d5e9863"
"cargo","toml","1.1.4+spec-1.1.0","MIT OR Apache-2.0","grafo Windows (incluye build/proc-macros)","https://github.com/toml-rs/toml","3aace63f4bbcdfc2c965b059de67119c89c4017a70d633be6c104910f67056f5"
"cargo","toml_datetime","0.6.3","NOT CACHED","lock multiplataforma; no resuelto para Windows","https://crates.io/crates/toml_datetime/0.6.3","7cda73e2f1397b1262d6dfdcef8aafae14d1de7748d66822d3bfeeb6d03e5e4b"
"cargo","toml_datetime","0.7.5+spec-1.1.0","MIT OR Apache-2.0","grafo Windows (incluye build/proc-macros)","https://github.com/toml-rs/toml","92e1cfed4a3038bc5a127e35a2d360f145e1f4b971b551a2ba5fd7aedf7e1347"
"cargo","toml_datetime","1.1.1+spec-1.1.0","MIT OR Apache-2.0","grafo Windows (incluye build/proc-macros)","https://github.com/toml-rs/toml","3165f65f62e28e0115a00b2ebdd37eb6f3b641855f9d636d3cd4103767159ad7"
"cargo","toml_edit","0.19.15","NOT CACHED","lock multiplataforma; no resuelto para Windows","https://crates.io/crates/toml_edit/0.19.15","1b5bb770da30e5cbfde35a2d7b9b8a2c4b8ef89548a7a6aeab5c9a576e3e7421"
"cargo","toml_edit","0.20.2","NOT CACHED","lock multiplataforma; no resuelto para Windows","https://crates.io/crates/toml_edit/0.20.2","396e4d48bbb2b7554c944bde63101b5ae446cff6ec4a24227428f15eb72ef338"
"cargo","toml_edit","0.25.13+spec-1.1.0","MIT OR Apache-2.0","grafo Windows (incluye build/proc-macros)","https://github.com/toml-rs/toml","6975367e4d2ef766d86af01ffad14b622fecc8d4357a998fbc4deb6e9bacaf9b"
"cargo","toml_parser","1.1.3+spec-1.1.0","MIT OR Apache-2.0","grafo Windows (incluye build/proc-macros)","https://github.com/toml-rs/toml","1d38ac1cf9b95face32296c0a3ede1fdc270627c9d9c02a7274dd6d960dc4d56"
"cargo","toml_writer","1.1.2+spec-1.1.0","MIT OR Apache-2.0","grafo Windows (incluye build/proc-macros)","https://github.com/toml-rs/toml","7d56353a2a665ad0f41a421187180aab746c8c325620617ad883a99a1cbe66d2"
"cargo","tower","0.5.3","NOT CACHED","lock multiplataforma; no resuelto para Windows","https://crates.io/crates/tower/0.5.3","ebe5ef63511595f1344e2d5cfa636d973292adc0eec1f0ad45fae9f0851ab1d4"
"cargo","tower-http","0.6.11","NOT CACHED","lock multiplataforma; no resuelto para Windows","https://crates.io/crates/tower-http/0.6.11","4cfcf7e2740e6fc6d4d688b4ef00650406bb94adf4731e43c096c3a19fe40840"
"cargo","tower-layer","0.3.3","NOT CACHED","lock multiplataforma; no resuelto para Windows","https://crates.io/crates/tower-layer/0.3.3","121c2a6cda46980bb0fcd1647ffaf6cd3fc79a013de288782836f6df9c48780e"
"cargo","tower-service","0.3.3","NOT CACHED","lock multiplataforma; no resuelto para Windows","https://crates.io/crates/tower-service/0.3.3","8df9b6e13f2d32c91b9bd719c00d1958837bc7dec474d94952798cc8e69eeec3"
"cargo","tracing","0.1.44","MIT","grafo Windows (incluye build/proc-macros)","https://github.com/tokio-rs/tracing","63e71662fa4b2a2c3a26f570f037eb95bb1f85397f3cd8076caed2f026a6d100"
"cargo","tracing-attributes","0.1.31","MIT","grafo Windows (incluye build/proc-macros)","https://github.com/tokio-rs/tracing","7490cfa5ec963746568740651ac6781f701c9c5ea257c58e057f3ba8cf69e8da"
"cargo","tracing-core","0.1.36","MIT","grafo Windows (incluye build/proc-macros)","https://github.com/tokio-rs/tracing","db97caf9d906fbde555dd62fa95ddba9eecfd14cb388e4f491a66d74cd5fb79a"
"cargo","tray-icon","0.24.2","MIT OR Apache-2.0","grafo Windows (incluye build/proc-macros)","https://github.com/tauri-apps/tray-icon","045979e3f037cd18ad1cb2a419dfda133c5c29c9f3453370079f2255d46c257e"
"cargo","try-lock","0.2.5","NOT CACHED","lock multiplataforma; no resuelto para Windows","https://crates.io/crates/try-lock/0.2.5","e421abadd41a4225275504ea4d6566923418b7f05506fbc9c0fe86ba7396114b"
"cargo","typeid","1.0.3","MIT OR Apache-2.0","grafo Windows (incluye build/proc-macros)","https://github.com/dtolnay/typeid","bc7d623258602320d5c55d1bc22793b57daff0ec7efc270ea7d55ce1d5f5471c"
"cargo","typenum","1.20.1","MIT OR Apache-2.0","grafo Windows (incluye build/proc-macros)","https://github.com/paholg/typenum","b6f5e870be6c3b371b77fe0ee0bafb859fa4964b4404c27de1d380043c4dda20"
"cargo","uds_windows","1.2.1","NOT CACHED","lock multiplataforma; no resuelto para Windows","https://crates.io/crates/uds_windows/1.2.1","f2f6fb2847f6742cd76af783a2a2c49e9375d0a111c7bef6f71cd9e738c72d6e"
"cargo","unic-char-property","0.9.0","MIT/Apache-2.0","grafo Windows (incluye build/proc-macros)","https://github.com/open-i18n/rust-unic/","a8c57a407d9b6fa02b4795eb81c5b6652060a15a7903ea981f3d723e6c0be221"
"cargo","unic-char-range","0.9.0","MIT/Apache-2.0","grafo Windows (incluye build/proc-macros)","https://github.com/open-i18n/rust-unic/","0398022d5f700414f6b899e10b8348231abf9173fa93144cbc1a43b9793c1fbc"
"cargo","unic-common","0.9.0","MIT/Apache-2.0","grafo Windows (incluye build/proc-macros)","https://github.com/open-i18n/rust-unic/","80d7ff825a6a654ee85a63e80f92f054f904f21e7d12da4e22f9834a4aaa35bc"
"cargo","unic-ucd-ident","0.9.0","MIT/Apache-2.0","grafo Windows (incluye build/proc-macros)","https://github.com/open-i18n/rust-unic/","e230a37c0381caa9219d67cf063aa3a375ffed5bf541a452db16e744bdab6987"
"cargo","unic-ucd-version","0.9.0","MIT/Apache-2.0","grafo Windows (incluye build/proc-macros)","https://github.com/open-i18n/rust-unic/","96bd2f2237fe450fcd0a1d2f5f4e91711124f7857ba2e964247776ebeeb7b0c4"
"cargo","unicode-bidi","0.3.18","MIT OR Apache-2.0","grafo Windows (incluye build/proc-macros)","https://github.com/servo/unicode-bidi","5c1cb5db39152898a79168971543b1cb5020dff7fe43c8dc468b0885f5e29df5"
"cargo","unicode-ident","1.0.24","(MIT OR Apache-2.0) AND Unicode-3.0","grafo Windows (incluye build/proc-macros)","https://github.com/dtolnay/unicode-ident","e6e4313cd5fcd3dad5cafa179702e2b244f760991f45397d14d4ebf38247da75"
"cargo","unicode-normalization","0.1.25","MIT OR Apache-2.0","grafo Windows (incluye build/proc-macros)","https://github.com/unicode-rs/unicode-normalization","5fd4f6878c9cb28d874b009da9e8d183b5abc80117c40bbd187a1fde336be6e8"
"cargo","unicode-properties","0.1.4","MIT/Apache-2.0","grafo Windows (incluye build/proc-macros)","https://github.com/unicode-rs/unicode-properties","7df058c713841ad818f1dc5d3fd88063241cc61f49f5fbea4b951e8cf5a8d71d"
"cargo","unicode-segmentation","1.13.3","MIT OR Apache-2.0","grafo Windows (incluye build/proc-macros)","https://github.com/unicode-rs/unicode-segmentation","c6f5d3c3b1bf09027a88a6bc961fc00497d651009560b5463668dc81b0fa87a8"
"cargo","url","2.5.8","MIT OR Apache-2.0","grafo Windows (incluye build/proc-macros)","https://github.com/servo/rust-url","ff67a8a4397373c3ef660812acab3268222035010ab8680ec4215f38ba3d0eed"
"cargo","urlpattern","0.3.0","MIT","grafo Windows (incluye build/proc-macros)","https://github.com/denoland/rust-urlpattern","70acd30e3aa1450bc2eece896ce2ad0d178e9c079493819301573dae3c37ba6d"
"cargo","utf8_iter","1.0.4","Apache-2.0 OR MIT","grafo Windows (incluye build/proc-macros)","https://github.com/hsivonen/utf8_iter","b6c140620e7ffbb22c2dee59cafe6084a59b5ffc27a8859a5f0d494b5d52b6be"
"cargo","uuid","1.25.0","Apache-2.0 OR MIT","grafo Windows (incluye build/proc-macros)","https://github.com/uuid-rs/uuid","f053576934f05a761a402421fbbe3d425d9366f75f978806a037b3ca481abecc"
"cargo","vcpkg","0.2.15","MIT/Apache-2.0","grafo Windows (incluye build/proc-macros)","https://github.com/mcgoo/vcpkg-rs","accd4ea62f7bb7a82fe23066fb0957d48ef677f6eeb8215f372f52e48bb32426"
"cargo","version-compare","0.2.1","NOT CACHED","lock multiplataforma; no resuelto para Windows","https://crates.io/crates/version-compare/0.2.1","03c2856837ef78f57382f06b2b8563a2f512f7185d732608fd9176cb3b8edf0e"
"cargo","version_check","0.9.5","MIT/Apache-2.0","grafo Windows (incluye build/proc-macros)","https://github.com/SergioBenitez/version_check","0b928f33d975fc6ad9f86c8f283853ad26bdd5b10b7f1542aa2fa15e2289105a"
"cargo","vswhom","0.1.0","MIT","grafo Windows (incluye build/proc-macros)","https://github.com/nabijaczleweli/vswhom.rs","be979b7f07507105799e854203b470ff7c78a1639e330a58f183b5fea574608b"
"cargo","vswhom-sys","0.1.3","MIT","grafo Windows (incluye build/proc-macros)","https://github.com/nabijaczleweli/vswhom-sys.rs","fb067e4cbd1ff067d1df46c9194b5de0e98efd2810bbc95c5d5e5f25a3231150"
"cargo","walkdir","2.5.0","Unlicense/MIT","grafo Windows (incluye build/proc-macros)","https://github.com/BurntSushi/walkdir","29790946404f91d9c5d06f9874efddea1dc06c5efe94541a7d6863108e3a5e4b"
"cargo","want","0.3.1","NOT CACHED","lock multiplataforma; no resuelto para Windows","https://crates.io/crates/want/0.3.1","bfa7760aed19e106de2c7c0b581b509f2f25d3dacaf737cb82ac61bc6d760b0e"
"cargo","wasi","0.11.1+wasi-snapshot-preview1","NOT CACHED","lock multiplataforma; no resuelto para Windows","https://crates.io/crates/wasi/0.11.1+wasi-snapshot-preview1","ccf3ec651a847eb01de73ccad15eb7d99f80485de043efb2f370cd654f4ea44b"
"cargo","wasip2","1.0.4+wasi-0.2.12","NOT CACHED","lock multiplataforma; no resuelto para Windows","https://crates.io/crates/wasip2/1.0.4+wasi-0.2.12","b67efb37e106e55ce722a510d6b5f9c17f083e5fc79afc2badeb12cc313d9487"
"cargo","wasite","0.1.0","NOT CACHED","lock multiplataforma; no resuelto para Windows","https://crates.io/crates/wasite/0.1.0","b8dad83b4f25e74f184f64c43b150b91efe7647395b42289f38e50566d82855b"
"cargo","wasm-bindgen","0.2.127","NOT CACHED","lock multiplataforma; no resuelto para Windows","https://crates.io/crates/wasm-bindgen/0.2.127","1b70935747edd64d89de3efa29d73789b806c15798f8e7dca4d8ac356b50ce70"
"cargo","wasm-bindgen-futures","0.4.77","NOT CACHED","lock multiplataforma; no resuelto para Windows","https://crates.io/crates/wasm-bindgen-futures/0.4.77","6b7777d5cc23d0e91404e53ce2d5e8ec7acae3026b16233dba62cd3246457950"
"cargo","wasm-bindgen-macro","0.2.127","NOT CACHED","lock multiplataforma; no resuelto para Windows","https://crates.io/crates/wasm-bindgen-macro/0.2.127","77775f8f3f7217702089053b94958f8f54061a3f663417df76e19cbdcca29bc1"
"cargo","wasm-bindgen-macro-support","0.2.127","NOT CACHED","lock multiplataforma; no resuelto para Windows","https://crates.io/crates/wasm-bindgen-macro-support/0.2.127","e11d33f857dc2fb11b8bc75aee111aa9cbeb12cd9f25efd3d4c2a3dd4e235284"
"cargo","wasm-bindgen-shared","0.2.127","NOT CACHED","lock multiplataforma; no resuelto para Windows","https://crates.io/crates/wasm-bindgen-shared/0.2.127","7ef64dbcc55df09c7e5a46182d181c2cfa3e925f3da937ea764728b4bbb9dcbf"
"cargo","wasm-streams","0.5.0","NOT CACHED","lock multiplataforma; no resuelto para Windows","https://crates.io/crates/wasm-streams/0.5.0","9d1ec4f6517c9e11ae630e200b2b65d193279042e28edd4a2cda233e46670bbb"
"cargo","web-sys","0.3.104","NOT CACHED","lock multiplataforma; no resuelto para Windows","https://crates.io/crates/web-sys/0.3.104","c435338968042f4f59a557f690a253676d47ce13ceb55d70100e7facf6620a30"
"cargo","web_atoms","0.2.6","MIT OR Apache-2.0","grafo Windows (incluye build/proc-macros)","https://github.com/servo/html5ever","ba8b815c1b593dc0baf78dd0f4fc8fdb2de53198fb1163738093e9a311c33fb3"
"cargo","webkit2gtk","2.0.2","NOT CACHED","lock multiplataforma; no resuelto para Windows","https://crates.io/crates/webkit2gtk/2.0.2","a1027150013530fb2eaf806408df88461ae4815a45c541c8975e61d6f2fc4793"
"cargo","webkit2gtk-sys","2.0.2","NOT CACHED","lock multiplataforma; no resuelto para Windows","https://crates.io/crates/webkit2gtk-sys/2.0.2","916a5f65c2ef0dfe12fff695960a2ec3d4565359fdbb2e9943c974e06c734ea5"
"cargo","webview2-com","0.38.2","MIT","grafo Windows (incluye build/proc-macros)","https://github.com/wravery/webview2-rs","7130243a7a5b33c54a444e54842e6a9e133de08b5ad7b5861cd8ed9a6a5bc96a"
"cargo","webview2-com-macros","0.8.1","MIT","grafo Windows (incluye build/proc-macros)","https://github.com/wravery/webview2-rs","67a921c1b6914c367b2b823cd4cde6f96beec77d30a939c8199bb377cf9b9b54"
"cargo","webview2-com-sys","0.38.2","MIT","grafo Windows (incluye build/proc-macros)","https://github.com/wravery/webview2-rs","381336cfffd772377d291702245447a5251a2ffa5bad679c99e61bc48bacbf9c"
"cargo","whoami","1.6.1","Apache-2.0 OR BSL-1.0 OR MIT","grafo Windows (incluye build/proc-macros)","https://github.com/ardaku/whoami","5d4a4db5077702ca3015d3d02d74974948aba2ad9e12ab7df718ee64ccd7e97d"
"cargo","winapi","0.3.9","NOT CACHED","lock multiplataforma; no resuelto para Windows","https://crates.io/crates/winapi/0.3.9","5c839a674fcd7a98952e593242ea400abe93992746761e38641405d28b00f419"
"cargo","winapi-i686-pc-windows-gnu","0.4.0","NOT CACHED","lock multiplataforma; no resuelto para Windows","https://crates.io/crates/winapi-i686-pc-windows-gnu/0.4.0","ac3b87c63620426dd9b991e5ce0329eff545bccbbb34f3be09ff6fb6ab51b7b6"
"cargo","winapi-util","0.1.11","Unlicense OR MIT","grafo Windows (incluye build/proc-macros)","https://github.com/BurntSushi/winapi-util","c2a7b1c03c876122aa43f3020e6c3c3ee5c05081c9a00739faf7503aeba10d22"
"cargo","winapi-x86_64-pc-windows-gnu","0.4.0","NOT CACHED","lock multiplataforma; no resuelto para Windows","https://crates.io/crates/winapi-x86_64-pc-windows-gnu/0.4.0","712e227841d057c1ee1cd2fb22fa7e5a5461ae8e48fa2ca79ec42cfc1931183f"
"cargo","window-vibrancy","0.6.0","Apache-2.0 OR MIT","grafo Windows (incluye build/proc-macros)","https://github.com/tauri-apps/tauri-plugin-vibrancy","d9bec5a31f3f9362f2258fd0e9c9dd61a9ca432e7306cc78c444258f0dce9a9c"
"cargo","windows","0.61.3","MIT OR Apache-2.0","grafo Windows (incluye build/proc-macros)","https://github.com/microsoft/windows-rs","9babd3a767a4c1aef6900409f85f5d53ce2544ccdfaa86dad48c91782c6d6893"
"cargo","windows-collections","0.2.0","MIT OR Apache-2.0","grafo Windows (incluye build/proc-macros)","https://github.com/microsoft/windows-rs","3beeceb5e5cfd9eb1d76b381630e82c4241ccd0d27f1a39ed41b2760b255c5e8"
"cargo","windows-core","0.61.2","MIT OR Apache-2.0","grafo Windows (incluye build/proc-macros)","https://github.com/microsoft/windows-rs","c0fdd3ddb90610c7638aa2b3a3ab2904fb9e5cdbecc643ddb3647212781c4ae3"
"cargo","windows-core","0.62.2","NOT CACHED","lock multiplataforma; no resuelto para Windows","https://crates.io/crates/windows-core/0.62.2","b8e83a14d34d0623b51dce9581199302a221863196a1dde71a7663a4c2be9deb"
"cargo","windows-future","0.2.1","MIT OR Apache-2.0","grafo Windows (incluye build/proc-macros)","https://github.com/microsoft/windows-rs","fc6a41e98427b19fe4b73c550f060b59fa592d7d686537eebf9385621bfbad8e"
"cargo","windows-implement","0.60.2","MIT OR Apache-2.0","grafo Windows (incluye build/proc-macros)","https://github.com/microsoft/windows-rs","053e2e040ab57b9dc951b72c264860db7eb3b0200ba345b4e4c3b14f67855ddf"
"cargo","windows-interface","0.59.3","MIT OR Apache-2.0","grafo Windows (incluye build/proc-macros)","https://github.com/microsoft/windows-rs","3f316c4a2570ba26bbec722032c4099d8c8bc095efccdc15688708623367e358"
"cargo","windows-link","0.1.3","MIT OR Apache-2.0","grafo Windows (incluye build/proc-macros)","https://github.com/microsoft/windows-rs","5e6ad25900d524eaabdbbb96d20b4311e1e7ae1699af4fb28c17ae66c80d798a"
"cargo","windows-link","0.2.1","MIT OR Apache-2.0","grafo Windows (incluye build/proc-macros)","https://github.com/microsoft/windows-rs","f0805222e57f7521d6a62e36fa9163bc891acd422f971defe97d64e70d0a4fe5"
"cargo","windows-numerics","0.2.0","MIT OR Apache-2.0","grafo Windows (incluye build/proc-macros)","https://github.com/microsoft/windows-rs","9150af68066c4c5c07ddc0ce30421554771e528bde427614c61038bc2c92c2b1"
"cargo","windows-result","0.3.4","MIT OR Apache-2.0","grafo Windows (incluye build/proc-macros)","https://github.com/microsoft/windows-rs","56f42bd332cc6c8eac5af113fc0c1fd6a8fd2aa08a0119358686e5160d0586c6"
"cargo","windows-result","0.4.1","NOT CACHED","lock multiplataforma; no resuelto para Windows","https://crates.io/crates/windows-result/0.4.1","7781fa89eaf60850ac3d2da7af8e5242a5ea78d1a11c49bf2910bb5a73853eb5"
"cargo","windows-strings","0.4.2","MIT OR Apache-2.0","grafo Windows (incluye build/proc-macros)","https://github.com/microsoft/windows-rs","56e6c93f3a0c3b36176cb1327a4958a0353d5d166c2a35cb268ace15e91d3b57"
"cargo","windows-strings","0.5.1","NOT CACHED","lock multiplataforma; no resuelto para Windows","https://crates.io/crates/windows-strings/0.5.1","7837d08f69c77cf6b07689544538e017c1bfcf57e34b4c0ff58e6c2cd3b37091"
"cargo","windows-sys","0.45.0","NOT CACHED","lock multiplataforma; no resuelto para Windows","https://crates.io/crates/windows-sys/0.45.0","75283be5efb2831d37ea142365f009c02ec203cd29a3ebecbc093d52315b66d0"
"cargo","windows-sys","0.48.0","MIT OR Apache-2.0","grafo Windows (incluye build/proc-macros)","https://github.com/microsoft/windows-rs","677d2418bec65e3338edb076e806bc1ec15693c5d0104683f2efe857f61056a9"
"cargo","windows-sys","0.59.0","MIT OR Apache-2.0","grafo Windows (incluye build/proc-macros)","https://github.com/microsoft/windows-rs","1e38bc4d79ed67fd075bcc251a1c39b32a1776bbe92e5bef1f0bf1f8c531853b"
"cargo","windows-sys","0.60.2","MIT OR Apache-2.0","grafo Windows (incluye build/proc-macros)","https://github.com/microsoft/windows-rs","f2f500e4d28234f72040990ec9d39e3a6b950f9f22d3dba18416c35882612bcb"
"cargo","windows-sys","0.61.2","MIT OR Apache-2.0","grafo Windows (incluye build/proc-macros)","https://github.com/microsoft/windows-rs","ae137229bcbd6cdf0f7b80a31df61766145077ddf49416a728b02cb3921ff3fc"
"cargo","windows-targets","0.42.2","NOT CACHED","lock multiplataforma; no resuelto para Windows","https://crates.io/crates/windows-targets/0.42.2","8e5180c00cd44c9b1c88adb3693291f1cd93605ded80c250a75d472756b4d071"
"cargo","windows-targets","0.48.5","MIT OR Apache-2.0","grafo Windows (incluye build/proc-macros)","https://github.com/microsoft/windows-rs","9a2fa6e2155d7247be68c096456083145c183cbbbc2764150dda45a87197940c"
"cargo","windows-targets","0.52.6","MIT OR Apache-2.0","grafo Windows (incluye build/proc-macros)","https://github.com/microsoft/windows-rs","9b724f72796e036ab90c1021d4780d4d3d648aca59e491e6b98e725b84e99973"
"cargo","windows-targets","0.53.5","MIT OR Apache-2.0","grafo Windows (incluye build/proc-macros)","https://github.com/microsoft/windows-rs","4945f9f551b88e0d65f3db0bc25c33b8acea4d9e41163edf90dcd0b19f9069f3"
"cargo","windows-threading","0.1.0","MIT OR Apache-2.0","grafo Windows (incluye build/proc-macros)","https://github.com/microsoft/windows-rs","b66463ad2e0ea3bbf808b7f1d371311c80e115c0b71d60efc142cafbcfb057a6"
"cargo","windows-version","0.1.7","MIT OR Apache-2.0","grafo Windows (incluye build/proc-macros)","https://github.com/microsoft/windows-rs","e4060a1da109b9d0326b7262c8e12c84df67cc0dbc9e33cf49e01ccc2eb63631"
"cargo","windows_aarch64_gnullvm","0.42.2","NOT CACHED","lock multiplataforma; no resuelto para Windows","https://crates.io/crates/windows_aarch64_gnullvm/0.42.2","597a5118570b68bc08d8d59125332c54f1ba9d9adeedeef5b99b02ba2b0698f8"
"cargo","windows_aarch64_gnullvm","0.48.5","NOT CACHED","lock multiplataforma; no resuelto para Windows","https://crates.io/crates/windows_aarch64_gnullvm/0.48.5","2b38e32f0abccf9987a4e3079dfb67dcd799fb61361e53e2882c3cbaf0d905d8"
"cargo","windows_aarch64_gnullvm","0.52.6","NOT CACHED","lock multiplataforma; no resuelto para Windows","https://crates.io/crates/windows_aarch64_gnullvm/0.52.6","32a4622180e7a0ec044bb555404c800bc9fd9ec262ec147edd5989ccd0c02cd3"
"cargo","windows_aarch64_gnullvm","0.53.1","NOT CACHED","lock multiplataforma; no resuelto para Windows","https://crates.io/crates/windows_aarch64_gnullvm/0.53.1","a9d8416fa8b42f5c947f8482c43e7d89e73a173cead56d044f6a56104a6d1b53"
"cargo","windows_aarch64_msvc","0.42.2","NOT CACHED","lock multiplataforma; no resuelto para Windows","https://crates.io/crates/windows_aarch64_msvc/0.42.2","e08e8864a60f06ef0d0ff4ba04124db8b0fb3be5776a5cd47641e942e58c4d43"
"cargo","windows_aarch64_msvc","0.48.5","NOT CACHED","lock multiplataforma; no resuelto para Windows","https://crates.io/crates/windows_aarch64_msvc/0.48.5","dc35310971f3b2dbbf3f0690a219f40e2d9afcf64f9ab7cc1be722937c26b4bc"
"cargo","windows_aarch64_msvc","0.52.6","NOT CACHED","lock multiplataforma; no resuelto para Windows","https://crates.io/crates/windows_aarch64_msvc/0.52.6","09ec2a7bb152e2252b53fa7803150007879548bc709c039df7627cabbd05d469"
"cargo","windows_aarch64_msvc","0.53.1","NOT CACHED","lock multiplataforma; no resuelto para Windows","https://crates.io/crates/windows_aarch64_msvc/0.53.1","b9d782e804c2f632e395708e99a94275910eb9100b2114651e04744e9b125006"
"cargo","windows_i686_gnu","0.42.2","NOT CACHED","lock multiplataforma; no resuelto para Windows","https://crates.io/crates/windows_i686_gnu/0.42.2","c61d927d8da41da96a81f029489353e68739737d3beca43145c8afec9a31a84f"
"cargo","windows_i686_gnu","0.48.5","NOT CACHED","lock multiplataforma; no resuelto para Windows","https://crates.io/crates/windows_i686_gnu/0.48.5","a75915e7def60c94dcef72200b9a8e58e5091744960da64ec734a6c6e9b3743e"
"cargo","windows_i686_gnu","0.52.6","NOT CACHED","lock multiplataforma; no resuelto para Windows","https://crates.io/crates/windows_i686_gnu/0.52.6","8e9b5ad5ab802e97eb8e295ac6720e509ee4c243f69d781394014ebfe8bbfa0b"
"cargo","windows_i686_gnu","0.53.1","NOT CACHED","lock multiplataforma; no resuelto para Windows","https://crates.io/crates/windows_i686_gnu/0.53.1","960e6da069d81e09becb0ca57a65220ddff016ff2d6af6a223cf372a506593a3"
"cargo","windows_i686_gnullvm","0.52.6","NOT CACHED","lock multiplataforma; no resuelto para Windows","https://crates.io/crates/windows_i686_gnullvm/0.52.6","0eee52d38c090b3caa76c563b86c3a4bd71ef1a819287c19d586d7334ae8ed66"
"cargo","windows_i686_gnullvm","0.53.1","NOT CACHED","lock multiplataforma; no resuelto para Windows","https://crates.io/crates/windows_i686_gnullvm/0.53.1","fa7359d10048f68ab8b09fa71c3daccfb0e9b559aed648a8f95469c27057180c"
"cargo","windows_i686_msvc","0.42.2","NOT CACHED","lock multiplataforma; no resuelto para Windows","https://crates.io/crates/windows_i686_msvc/0.42.2","44d840b6ec649f480a41c8d80f9c65108b92d89345dd94027bfe06ac444d1060"
"cargo","windows_i686_msvc","0.48.5","NOT CACHED","lock multiplataforma; no resuelto para Windows","https://crates.io/crates/windows_i686_msvc/0.48.5","8f55c233f70c4b27f66c523580f78f1004e8b5a8b659e05a4eb49d4166cca406"
"cargo","windows_i686_msvc","0.52.6","NOT CACHED","lock multiplataforma; no resuelto para Windows","https://crates.io/crates/windows_i686_msvc/0.52.6","240948bc05c5e7c6dabba28bf89d89ffce3e303022809e73deaefe4f6ec56c66"
"cargo","windows_i686_msvc","0.53.1","NOT CACHED","lock multiplataforma; no resuelto para Windows","https://crates.io/crates/windows_i686_msvc/0.53.1","1e7ac75179f18232fe9c285163565a57ef8d3c89254a30685b57d83a38d326c2"
"cargo","windows_x86_64_gnu","0.42.2","NOT CACHED","lock multiplataforma; no resuelto para Windows","https://crates.io/crates/windows_x86_64_gnu/0.42.2","8de912b8b8feb55c064867cf047dda097f92d51efad5b491dfb98f6bbb70cb36"
"cargo","windows_x86_64_gnu","0.48.5","NOT CACHED","lock multiplataforma; no resuelto para Windows","https://crates.io/crates/windows_x86_64_gnu/0.48.5","53d40abd2583d23e4718fddf1ebec84dbff8381c07cae67ff7768bbf19c6718e"
"cargo","windows_x86_64_gnu","0.52.6","NOT CACHED","lock multiplataforma; no resuelto para Windows","https://crates.io/crates/windows_x86_64_gnu/0.52.6","147a5c80aabfbf0c7d901cb5895d1de30ef2907eb21fbbab29ca94c5b08b1a78"
"cargo","windows_x86_64_gnu","0.53.1","NOT CACHED","lock multiplataforma; no resuelto para Windows","https://crates.io/crates/windows_x86_64_gnu/0.53.1","9c3842cdd74a865a8066ab39c8a7a473c0778a3f29370b5fd6b4b9aa7df4a499"
"cargo","windows_x86_64_gnullvm","0.42.2","NOT CACHED","lock multiplataforma; no resuelto para Windows","https://crates.io/crates/windows_x86_64_gnullvm/0.42.2","26d41b46a36d453748aedef1486d5c7a85db22e56aff34643984ea85514e94a3"
"cargo","windows_x86_64_gnullvm","0.48.5","NOT CACHED","lock multiplataforma; no resuelto para Windows","https://crates.io/crates/windows_x86_64_gnullvm/0.48.5","0b7b52767868a23d5bab768e390dc5f5c55825b6d30b86c844ff2dc7414044cc"
"cargo","windows_x86_64_gnullvm","0.52.6","NOT CACHED","lock multiplataforma; no resuelto para Windows","https://crates.io/crates/windows_x86_64_gnullvm/0.52.6","24d5b23dc417412679681396f2b49f3de8c1473deb516bd34410872eff51ed0d"
"cargo","windows_x86_64_gnullvm","0.53.1","NOT CACHED","lock multiplataforma; no resuelto para Windows","https://crates.io/crates/windows_x86_64_gnullvm/0.53.1","0ffa179e2d07eee8ad8f57493436566c7cc30ac536a3379fdf008f47f6bb7ae1"
"cargo","windows_x86_64_msvc","0.42.2","NOT CACHED","lock multiplataforma; no resuelto para Windows","https://crates.io/crates/windows_x86_64_msvc/0.42.2","9aec5da331524158c6d1a4ac0ab1541149c0b9505fde06423b02f5ef0106b9f0"
"cargo","windows_x86_64_msvc","0.48.5","MIT OR Apache-2.0","grafo Windows (incluye build/proc-macros)","https://github.com/microsoft/windows-rs","ed94fce61571a4006852b7389a063ab983c02eb1bb37b47f8272ce92d06d9538"
"cargo","windows_x86_64_msvc","0.52.6","MIT OR Apache-2.0","grafo Windows (incluye build/proc-macros)","https://github.com/microsoft/windows-rs","589f6da84c646204747d1270a2a5661ea66ed1cced2631d546fdfb155959f9ec"
"cargo","windows_x86_64_msvc","0.53.1","MIT OR Apache-2.0","grafo Windows (incluye build/proc-macros)","https://github.com/microsoft/windows-rs","d6bbff5f0aada427a1e5a6da5f1f98158182f26556f345ac9e04d36d0ebed650"
"cargo","winnow","0.5.40","NOT CACHED","lock multiplataforma; no resuelto para Windows","https://crates.io/crates/winnow/0.5.40","f593a95398737aeed53e489c785df13f3618e41dbcd6718c6addbf1395aa6876"
"cargo","winnow","0.7.15","MIT","grafo Windows (incluye build/proc-macros)","https://github.com/winnow-rs/winnow","df79d97927682d2fd8adb29682d1140b343be4ac0f08fd68b7765d9c059d3945"
"cargo","winnow","1.0.4","MIT","grafo Windows (incluye build/proc-macros)","https://github.com/winnow-rs/winnow","23b97319f7b8343df12cc98938e5c3eb436064524c8d2b4e30a1d3a36eecdf81"
"cargo","winreg","0.55.0","MIT","grafo Windows (incluye build/proc-macros)","https://github.com/gentoo90/winreg-rs","cb5a765337c50e9ec252c2069be9bf91c7df47afb103b642ba3a53bf8101be97"
"cargo","wit-bindgen","0.57.1","NOT CACHED","lock multiplataforma; no resuelto para Windows","https://crates.io/crates/wit-bindgen/0.57.1","1ebf944e87a7c253233ad6766e082e3cd714b5d03812acc24c318f549614536e"
"cargo","writeable","0.6.4","Unicode-3.0","grafo Windows (incluye build/proc-macros)","https://github.com/unicode-org/icu4x","3ad82d2a33cdc9674dc7465672f271e096168fcdbe0f799d9e6db8c5892679dc"
"cargo","wry","0.55.1","Apache-2.0 OR MIT","grafo Windows (incluye build/proc-macros)","https://github.com/tauri-apps/wry","186f9871daa55fd9c016578b810d149de58367113db7fb72b462d2323ce19514"
"cargo","wyz","0.5.1","MIT","grafo Windows (incluye build/proc-macros)","https://github.com/myrrlyn/wyz","05f360fc0b24296329c78fda852a1e9ae82de9cf7b27dae4b7f62f118f77b9ed"
"cargo","x11","2.21.0","NOT CACHED","lock multiplataforma; no resuelto para Windows","https://crates.io/crates/x11/2.21.0","502da5464ccd04011667b11c435cb992822c2c0dbde1770c988480d312a0db2e"
"cargo","x11-dl","2.21.0","NOT CACHED","lock multiplataforma; no resuelto para Windows","https://crates.io/crates/x11-dl/2.21.0","38735924fedd5314a6e548792904ed8c6de6636285cb9fec04d5b1db85c1516f"
"cargo","xz2","0.1.7","MIT/Apache-2.0","grafo Windows (incluye build/proc-macros)","https://github.com/alexcrichton/xz2-rs","388c44dc09d76f1536602ead6d325eb532f5c122f17782bd57fb47baeeb767e2"
"cargo","yoke","0.8.3","Unicode-3.0","grafo Windows (incluye build/proc-macros)","https://github.com/unicode-org/icu4x","709fe23a0424b6a435d82152b1bd3fdfb0833487d5fa90d05d42762a9891fef5"
"cargo","yoke-derive","0.8.2","Unicode-3.0","grafo Windows (incluye build/proc-macros)","https://github.com/unicode-org/icu4x","de844c262c8848816172cef550288e7dc6c7b7814b4ee56b3e1553f275f1858e"
"cargo","zbus","5.19.0","NOT CACHED","lock multiplataforma; no resuelto para Windows","https://crates.io/crates/zbus/5.19.0","5db4be7c075cb421e4b7ee645541604239bd243ba7c357511f4ff3a74b555907"
"cargo","zbus_macros","5.19.0","NOT CACHED","lock multiplataforma; no resuelto para Windows","https://crates.io/crates/zbus_macros/5.19.0","2990635d09ade6df1868f72f8cac69a876a90981e8bd3c40b1be413f8dc88f40"
"cargo","zbus_names","4.3.4","NOT CACHED","lock multiplataforma; no resuelto para Windows","https://crates.io/crates/zbus_names/4.3.4","d8bf88b4a3ff53e883001e0e0115b297a9d53c31b9c1edd2bfdd853e3428624e"
"cargo","zcheapstr","1.1.0","NOT CACHED","lock multiplataforma; no resuelto para Windows","https://crates.io/crates/zcheapstr/1.1.0","d1afec51604565183aeb5c54c20aeab286120d4e4460f7f76e3e8bb8c0d99473"
"cargo","zerocopy","0.8.56","BSD-2-Clause OR Apache-2.0 OR MIT","grafo Windows (incluye build/proc-macros)","https://github.com/google/zerocopy","556764e583adb45a9f8d413c2a147fa7e8d821e48e12b14fd560b607998b75eb"
"cargo","zerocopy-derive","0.8.56","NOT CACHED","lock multiplataforma; no resuelto para Windows","https://crates.io/crates/zerocopy-derive/0.8.56","f2ab42fc20575779bd240faa45f94a74256f755c0fa9e89f0ede20d91d0cdfc1"
"cargo","zerofrom","0.1.8","Unicode-3.0","grafo Windows (incluye build/proc-macros)","https://github.com/unicode-org/icu4x","0ec05a11813ea801ff6d75110ad09cd0824ddba17dfe17128ea0d5f68e6c5272"
"cargo","zerofrom-derive","0.1.7","Unicode-3.0","grafo Windows (incluye build/proc-macros)","https://github.com/unicode-org/icu4x","11532158c46691caf0f2593ea8358fed6bbf68a0315e80aae9bd41fbade684a1"
"cargo","zeroize","1.9.0","Apache-2.0 OR MIT","grafo Windows (incluye build/proc-macros)","https://github.com/RustCrypto/utils","e13c156562582aa81c60cb29407084cdb54c4164760106ab78e6c5b0858cf64e"
"cargo","zeroize_derive","1.5.0","Apache-2.0 OR MIT","grafo Windows (incluye build/proc-macros)","https://github.com/RustCrypto/utils","3c50655cbb0fe3fc43170059e702f1ce5e19b84cec58dc87b037a09935c2f328"
"cargo","zerotrie","0.2.5","Unicode-3.0","grafo Windows (incluye build/proc-macros)","https://github.com/unicode-org/icu4x","4ea269c3bd32f0a32c321907a2ae912ba6f4649bb0fc764a15627e99a7095a3f"
"cargo","zerovec","0.11.8","Unicode-3.0","grafo Windows (incluye build/proc-macros)","https://github.com/unicode-org/icu4x","bb0464e17806c1d976d5cba29399c7f08e516e279e2ba493f63123b5fca67dd8"
"cargo","zerovec-derive","0.11.6","Unicode-3.0","grafo Windows (incluye build/proc-macros)","https://github.com/unicode-org/icu4x","34df6fc39dbd26ddc9c10e6a2984476e13acce22e64e4487636ef494369225da"
"cargo","zip","2.4.2","MIT","grafo Windows (incluye build/proc-macros)","https://github.com/zip-rs/zip2.git","fabe6324e908f85a1c52063ce7aa26b68dcb7eb6dbc83a2d148403c9bc3eba50"
"cargo","zmij","1.0.23","MIT","grafo Windows (incluye build/proc-macros)","https://github.com/dtolnay/zmij","29666d0abbfad1e3dc4dcf6144730dd3a3ab225bbbdac83319345b1b44ccfc1b"
"cargo","zopfli","0.8.3","Apache-2.0","grafo Windows (incluye build/proc-macros)","https://github.com/zopfli-rs/zopfli","f05cd8797d63865425ff89b5c4a48804f35ba0ce8d125800027ad6017d2b5249"
"cargo","zstd","0.13.3","MIT","grafo Windows (incluye build/proc-macros)","https://github.com/gyscos/zstd-rs","e91ee311a569c327171651566e07972200e76fcfe2242a4fa446149a3881c08a"
"cargo","zstd-safe","7.2.4","MIT OR Apache-2.0","grafo Windows (incluye build/proc-macros)","https://github.com/gyscos/zstd-rs","8f49c4d5f0abb602a93fb8736af2a4f4dd9512e36f7f570d66e65ff867ed3b9d"
"cargo","zstd-sys","2.0.16+zstd.1.5.7","MIT/Apache-2.0","grafo Windows (incluye build/proc-macros)","https://github.com/gyscos/zstd-rs","91e19ebc2adc8f83e43039e79776e3fda8ca919132d68a1fed6a5faca2683748"
"cargo","zvariant","5.15.0","NOT CACHED","lock multiplataforma; no resuelto para Windows","https://crates.io/crates/zvariant/5.15.0","c1d34c27cc6cdd1f458427519dd6b8612f7b7e3f7b9a0b2355d041dda9869147"
"cargo","zvariant_derive","5.15.0","NOT CACHED","lock multiplataforma; no resuelto para Windows","https://crates.io/crates/zvariant_derive/5.15.0","864155e69b4352db0c7f374917bf45d1e0c8d17659c8b3dbf9795f3673f8c497"
"cargo","zvariant_utils","4.2.0","NOT CACHED","lock multiplataforma; no resuelto para Windows","https://crates.io/crates/zvariant_utils/4.2.0","bad0294361a320b694a328460dc73add56c306150f5cb6bfafc44446120008a3"
